VAR,LEAD,LEAD_H,RMSE,BIAS,ACC,FCST_MIN,FCST_MAX,TRUTH_MIN,TRUTH_MAX
P,f006h,6,218.832275390625,-14.245409965515137,0.9999760985374451,8164.21484375,103246.359375,8166.8935546875,103112.0390625
Q,f006h,6,1.9701859951019287,0.038143593817949295,0.9449069499969482,-1.1643741130828857,37.053409576416016,0.00010000000474974513,38.73519515991211
T,f006h,6,2.7376503944396973,-0.09080032259225845,0.9954242706298828,179.6765594482422,321.1527404785156,180.00001525878906,322.0649108886719
U,f006h,6,4.312567234039307,-0.2237633615732193,0.9464672803878784,-53.55601119995117,98.28166198730469,-51.36440658569336,93.0774154663086
V,f006h,6,4.545207977294922,-0.07634332031011581,0.8165700435638428,-51.34764099121094,70.95818328857422,-57.59981918334961,77.26004028320312
W,f006h,6,0.29343852400779724,-0.012004311196506023,0.21903182566165924,-13.595921516418457,8.86767864227295,-7.796823024749756,6.478937149047852
P,f012h,12,316.1347961425781,-29.89058494567871,0.9999513030052185,8160.88427734375,103331.171875,8163.2421875,103416.9453125
Q,f012h,12,2.3010919094085693,0.08679544180631638,0.9238262176513672,-1.810926914215088,36.64745330810547,0.00010000000474974513,37.992061614990234
T,f012h,12,3.5672414302825928,-0.2782466411590576,0.9922261834144592,179.5459442138672,321.974609375,180.00001525878906,318.6921081542969
U,f012h,12,5.9684014320373535,-0.3033798635005951,0.8971806168556213,-54.573646545410156,93.76200866699219,-54.9476318359375,88.66618347167969
V,f012h,12,6.307672023773193,-0.2877347767353058,0.6398440003395081,-47.23183059692383,61.873348236083984,-57.278934478759766,69.2072525024414
W,f012h,12,0.31057989597320557,-0.012214011512696743,0.17758062481880188,-11.499513626098633,8.406424522399902,-8.397255897521973,9.691947937011719
P,f018h,18,414.4178771972656,-45.099891662597656,0.9999164938926697,8158.587890625,103397.8046875,8165.49951171875,103265.5625
Q,f018h,18,2.4250690937042236,0.10689864307641983,0.9158779382705688,-2.168292760848999,36.12464141845703,0.00010000000474974513,40.16748046875
T,f018h,18,4.110476493835449,-0.38373711705207825,0.9896050691604614,180.05091857910156,322.8378601074219,180.00001525878906,316.25921630859375
U,f018h,18,7.029128074645996,-0.36679545044898987,0.8571255803108215,-57.01837921142578,91.169677734375,-60.69757843017578,86.73487091064453
V,f018h,18,7.379419803619385,-0.3490676283836365,0.49986499547958374,-42.64405059814453,55.33871841430664,-54.344337463378906,59.83595275878906
W,f018h,18,0.29482948780059814,-0.013543528504669666,0.16894932091236115,-9.40462875366211,7.944145202636719,-9.602791786193848,10.752213478088379
P,f024h,24,478.1507873535156,-55.599647521972656,0.9998890161514282,8157.748046875,103331.3671875,8165.68701171875,102344.171875
Q,f024h,24,2.482365608215332,0.14740492403507233,0.9122178554534912,-2.622692108154297,35.62153244018555,0.00010000000474974513,40.1153450012207
T,f024h,24,4.454006195068359,-0.6631948351860046,0.9877959489822388,180.21221923828125,323.868408203125,180.00001525878906,318.6392517089844
U,f024h,24,7.672151565551758,-0.4135555922985077,0.8289463520050049,-59.418190002441406,90.46916198730469,-75.84049224853516,88.2310562133789
V,f024h,24,7.973804473876953,-0.4350943863391876,0.40457683801651,-41.84678649902344,52.05076599121094,-60.11751174926758,56.70408630371094
W,f024h,24,0.29971832036972046,-0.0068322401493787766,0.12200567871332169,-7.311664581298828,7.476443290710449,-10.98617935180664,10.560254096984863
P,f030h,30,543.8059692382812,-73.31413269042969,0.9998569488525391,8157.9736328125,103244.390625,8167.1513671875,102660.203125
Q,f030h,30,2.6327927112579346,0.2191213220357895,0.8995089530944824,-3.109144926071167,35.119197845458984,0.00010000000474974513,39.48167419433594
T,f030h,30,5.154119968414307,-0.9749957919120789,0.9837521314620972,180.5964813232422,324.86358642578125,182.47940063476562,321.810546875
U,f030h,30,8.092206954956055,-0.5039858818054199,0.8092499375343323,-62.6118278503418,90.03636169433594,-66.20445251464844,87.39674377441406
V,f030h,30,8.364551544189453,-0.5831886529922485,0.3430930972099304,-40.5690803527832,48.31882095336914,-56.99490737915039,59.488189697265625
W,f030h,30,0.30082112550735474,-0.006812423933297396,0.09205932915210724,-5.223649024963379,6.997435092926025,-9.517550468444824,10.573320388793945
P,f036h,36,591.003662109375,-92.75989532470703,0.9998326897621155,8158.07421875,103526.671875,8150.251953125,103597.4765625
Q,f036h,36,2.6713485717773438,0.284262090921402,0.8952413201332092,-3.5872583389282227,34.62385177612305,0.00010000000474974513,40.42979049682617
T,f036h,36,5.628315448760986,-1.170160174369812,0.9806478023529053,180.72305297851562,325.7828369140625,187.41331481933594,318.0168762207031
U,f036h,36,8.280119895935059,-0.5263723134994507,0.8005504608154297,-64.90470886230469,86.46599578857422,-74.25373077392578,88.3086166381836
V,f036h,36,8.558368682861328,-0.6988573670387268,0.3172728419303894,-39.19517517089844,46.33108139038086,-55.41740036010742,56.96653747558594
W,f036h,36,0.3174380362033844,-0.006172775290906429,0.07279641181230545,-3.159769058227539,6.50508451461792,-17.89997100830078,10.021846771240234
P,f042h,42,636.1006469726562,-106.66304016113281,0.9998072981834412,8158.78271484375,104010.984375,8148.06787109375,103657.671875
Q,f042h,42,2.705965280532837,0.3112289607524872,0.8936142325401306,-3.967928647994995,34.13496017456055,0.00010000000474974513,40.1367073059082
T,f042h,42,5.950777530670166,-1.2847516536712646,0.9782718420028687,180.2722930908203,326.6014709472656,190.99928283691406,315.3260803222656
U,f042h,42,8.366415023803711,-0.5268851518630981,0.7971152663230896,-67.32383728027344,84.2603988647461,-68.5462646484375,90.66841888427734
V,f042h,42,8.65323543548584,-0.8631625175476074,0.31084537506103516,-38.412330627441406,43.727439880371094,-59.156429290771484,48.462093353271484
W,f042h,42,0.29988181591033936,-0.00765718100592494,0.06356175243854523,-1.275104284286499,5.993753433227539,-11.257723808288574,9.542560577392578
P,f048h,48,672.45458984375,-118.12486267089844,0.9997854828834534,8160.4091796875,104468.375,8148.7978515625,102395.6171875
Q,f048h,48,2.7518935203552246,0.33908775448799133,0.8927793502807617,-4.22111701965332,33.64028549194336,0.00010000000474974513,41.050140380859375
T,f048h,48,6.222628593444824,-1.586419701576233,0.9763018488883972,179.81283569335938,327.326416015625,195.22984313964844,318.1183776855469
U,f048h,48,8.366080284118652,-0.5365206599235535,0.7971913814544678,-69.08110809326172,83.20622253417969,-64.78015899658203,91.37676239013672
V,f048h,48,8.714999198913574,-1.0689682960510254,0.30052322149276733,-36.89561080932617,44.23905944824219,-63.527610778808594,57.68146896362305
W,f048h,48,0.2925117015838623,-0.003411124926060438,0.04835371673107147,-0.6477083563804626,5.46391487121582,-8.35309886932373,8.314278602600098
P,f054h,54,725.8530883789062,-136.25503540039062,0.9997508525848389,8163.0712890625,105089.90625,8150.55419921875,102823.2421875
Q,f054h,54,2.837885856628418,0.406914621591568,0.885191023349762,-4.461162567138672,33.15028762817383,0.00010000000474974513,40.191017150878906
T,f054h,54,6.816906452178955,-1.8935564756393433,0.9717316031455994,179.3328857421875,327.973876953125,193.48483276367188,319.4973449707031
U,f054h,54,8.525381088256836,-0.6333527565002441,0.7900745868682861,-70.95669555664062,82.37694549560547,-64.49501037597656,89.57466125488281
V,f054h,54,8.898685455322266,-1.1958290338516235,0.2827173173427582,-36.7023811340332,47.176475524902344,-63.850955963134766,51.77206802368164
W,f054h,54,0.3035714626312256,-0.003938470035791397,0.0391051322221756,-0.6570044159889221,4.910696506500244,-8.607132911682129,10.124943733215332
P,f060h,60,774.8380737304688,-156.8538055419922,0.999717116355896,8166.31787109375,105925.3515625,8143.53955078125,103638.78125
Q,f060h,60,2.9175491333007812,0.471149742603302,0.878711998462677,-5.027068138122559,32.668113708496094,0.00010000000474974513,40.373046875
T,f060h,60,7.320845127105713,-2.0911169052124023,0.9674768447875977,178.82293701171875,328.5335998535156,191.00267028808594,317.3042297363281
U,f060h,60,8.721009254455566,-0.6459142565727234,0.7814083099365234,-72.94534301757812,82.67460632324219,-68.99864959716797,88.12599182128906
V,f060h,60,9.198660850524902,-1.381066918373108,0.2552586495876312,-40.02942657470703,48.8255615234375,-61.25749969482422,61.349220275878906
W,f060h,60,0.32149434089660645,-0.0040673017501831055,0.033752575516700745,-0.7034398913383484,4.481583595275879,-10.140402793884277,10.908407211303711
P,f066h,66,825.9124145507812,-170.72291564941406,0.9996782541275024,8168.60009765625,106761.0234375,8149.20947265625,103471.2890625
Q,f066h,66,2.960885524749756,0.5214813947677612,0.8752273321151733,-5.260793685913086,32.187774658203125,0.00010000000474974513,41.61801528930664
T,f066h,66,7.708710670471191,-2.236445903778076,0.9638969302177429,178.27159118652344,329.0205383300781,190.33395385742188,315.37884521484375
U,f066h,66,8.922597885131836,-0.6619632840156555,0.7726178765296936,-74.51612091064453,81.03836059570312,-56.70209503173828,87.92340087890625
V,f066h,66,9.478161811828613,-1.5633916854858398,0.2404305636882782,-43.93533706665039,50.9075927734375,-60.38194274902344,50.958988189697266
W,f066h,66,0.3095758259296417,-0.006976356729865074,0.027083449065685272,-0.7024043798446655,4.075196743011475,-11.570135116577148,13.60175609588623
P,f072h,72,873.986572265625,-182.0233917236328,0.9996394515037537,8171.43603515625,107590.6640625,8159.435546875,101971.703125
Q,f072h,72,3.0578367710113525,0.5420509576797485,0.8714705109596252,-5.731688499450684,31.7138614654541,0.00010000000474974513,43.43027877807617
T,f072h,72,8.111467361450195,-2.5222318172454834,0.9601612687110901,177.67178344726562,333.8703918457031,190.1844482421875,316.6754150390625
U,f072h,72,9.038155555725098,-0.6963236927986145,0.7675382494926453,-76.26348876953125,80.43810272216797,-60.29010009765625,93.36273956298828
V,f072h,72,9.738633155822754,-1.6549769639968872,0.2228023111820221,-48.0125732421875,53.4161376953125,-60.56731414794922,47.6131706237793
W,f072h,72,0.3026520907878876,-0.0029722240287810564,0.02524550072848797,-0.7071036100387573,3.6918370723724365,-7.459088325500488,14.369171142578125
P,f078h,78,933.848388671875,-200.7162322998047,0.999587893486023,8174.7490234375,108408.2421875,8157.7939453125,102550.1171875
Q,f078h,78,3.129937171936035,0.609984815120697,0.8643396496772766,-5.911993980407715,31.246688842773438,0.00010000000474974513,43.39623260498047
T,f078h,78,8.769206047058105,-2.8388824462890625,0.9537572264671326,176.6165771484375,338.6187744140625,189.5380401611328,319.36163330078125
U,f078h,78,9.276561737060547,-0.7709141373634338,0.7566727995872498,-77.41109466552734,80.26738739013672,-51.197872161865234,94.26210021972656
V,f078h,78,10.050514221191406,-1.7997136116027832,0.2028937041759491,-52.17918395996094,56.34064483642578,-53.83019256591797,47.839942932128906
W,f078h,78,0.3131577968597412,-0.006645046640187502,0.024158213287591934,-0.7356630563735962,3.331411838531494,-11.432528495788574,11.437111854553223
P,f084h,84,989.549560546875,-221.28663635253906,0.9995369911193848,8177.38427734375,109216.3046875,8160.00439453125,102965.3359375
Q,f084h,84,3.1576645374298096,0.6947624683380127,0.8591309189796448,-6.352651596069336,30.772798538208008,0.00010000000474974513,40.85051727294922
T,f084h,84,9.32197093963623,-3.0518157482147217,0.9479471445083618,175.4529266357422,346.538818359375,188.99041748046875,317.9165344238281
U,f084h,84,9.486432075500488,-0.7908639907836914,0.7470735907554626,-78.88137817382812,79.8160400390625,-52.17820739746094,96.13702392578125
V,f084h,84,10.46430492401123,-1.9662331342697144,0.17774473130702972,-56.437713623046875,58.56711959838867,-63.85342025756836,57.638214111328125
W,f084h,84,0.32915574312210083,-0.008065784350037575,0.018822528421878815,-0.7121168971061707,3.0291128158569336,-19.634506225585938,11.405826568603516
P,f090h,90,1039.9959716796875,-235.3841094970703,0.9994880557060242,8181.2763671875,110018.4375,8166.80859375,103478.1015625
Q,f090h,90,3.2090401649475098,0.7272257208824158,0.8551281690597534,-6.421304702758789,30.298124313354492,0.00010000000474974513,40.91788864135742
T,f090h,90,9.757232666015625,-3.1910176277160645,0.9430223107337952,174.23843383789062,351.2470703125,188.44635009765625,314.46136474609375
U,f090h,90,9.699366569519043,-0.7758074402809143,0.7371987700462341,-79.6433334350586,79.1543197631836,-61.65139389038086,89.60323333740234
V,f090h,90,10.750447273254395,-2.0292539596557617,0.1758352518081665,-60.7230110168457,60.570472717285156,-72.70991516113281,56.78150177001953
W,f090h,90,0.31022611260414124,-0.011178760789334774,0.01579352281987667,-0.7560380101203918,2.7336363792419434,-8.585427284240723,7.295246124267578
P,f096h,96,1089.509765625,-246.5179901123047,0.9994375109672546,8185.4755859375,110857.2109375,8181.37060546875,102668.0234375
Q,f096h,96,3.2875101566314697,0.7654698491096497,0.8495898246765137,-6.90772008895874,29.825218200683594,0.00010000000474974513,41.54874038696289
T,f096h,96,10.239425659179688,-3.4847538471221924,0.9375815391540527,172.99473571777344,359.5647888183594,188.53335571289062,317.0885314941406
U,f096h,96,9.902310371398926,-0.7732166647911072,0.7265505194664001,-81.01513671875,79.04776000976562,-50.05315399169922,89.13603973388672
V,f096h,96,11.064682960510254,-2.138798236846924,0.16764052212238312,-64.93387603759766,63.38873291015625,-71.13369750976562,52.743526458740234
W,f096h,96,0.29956039786338806,-0.007845052517950535,0.01141549926251173,-0.7353214025497437,2.435821533203125,-9.149469375610352,5.556856155395508
P,f102h,102,1146.2850341796875,-266.26116943359375,0.9993768930435181,8188.34814453125,111793.2890625,8193.1376953125,103325.953125
Q,f102h,102,3.348055362701416,0.8430011868476868,0.8404290676116943,-7.186844825744629,29.315650939941406,0.00010000000474974513,40.42924499511719
T,f102h,102,10.915820121765137,-3.8177225589752197,0.9296712875366211,171.72970581054688,365.6662292480469,189.69247436523438,319.2759094238281
U,f102h,102,10.138937950134277,-0.8312049508094788,0.7142148017883301,-81.44466400146484,79.09943389892578,-67.1666259765625,89.5198745727539
V,f102h,102,11.467342376708984,-2.2771239280700684,0.14860430359840393,-69.03890228271484,65.8796615600586,-60.648597717285156,62.50226974487305
W,f102h,102,0.316855251789093,-0.01203668862581253,0.010854947380721569,-0.7211829423904419,2.1381332874298096,-8.220577239990234,5.996893882751465
P,f108h,108,1203.6142578125,-287.04168701171875,0.9993125200271606,8188.67724609375,112746.515625,8210.3603515625,103744.3046875
Q,f108h,108,3.369558334350586,0.9204798340797424,0.8350986838340759,-7.67492151260376,28.86103630065918,0.00010000000474974513,39.77954864501953
T,f108h,108,11.492948532104492,-4.039803504943848,0.9224915504455566,170.44854736328125,372.9496154785156,188.3450164794922,318.96319580078125
U,f108h,108,10.396482467651367,-0.7870994806289673,0.7010449767112732,-82.8047103881836,79.09615325927734,-66.28915405273438,91.2022476196289
V,f108h,108,11.89961051940918,-2.267946720123291,0.12930026650428772,-72.90149688720703,67.94810485839844,-57.279422760009766,58.546085357666016
W,f108h,108,0.32608598470687866,-0.013639661483466625,0.01284703891724348,-0.7010822892189026,1.8449125289916992,-8.833731651306152,5.828030586242676
P,f114h,114,1253.55712890625,-301.20025634765625,0.9992530345916748,8189.0595703125,113709.0625,8230.7431640625,103383.4140625
Q,f114h,114,3.4042630195617676,0.9652413129806519,0.8316738605499268,-8.165938377380371,28.335479736328125,0.00010000000474974513,40.367225646972656
T,f114h,114,11.960853576660156,-4.174731731414795,0.9162816405296326,169.16419982910156,380.6568298339844,188.21368408203125,315.04144287109375
U,f114h,114,10.524385452270508,-0.7467532157897949,0.6945818662643433,-83.24541473388672,79.77063751220703,-62.27923583984375,91.03256225585938
V,f114h,114,12.293654441833496,-2.2717409133911133,0.12356077134609222,-76.45153045654297,69.61981964111328,-65.2884292602539,66.00090789794922
W,f114h,114,0.3094976842403412,-0.01651863008737564,0.009470037184655666,-0.7391181588172913,1.6194853782653809,-14.40950870513916,8.663825988769531
P,f120h,120,1305.7911376953125,-311.5817565917969,0.9991870522499084,8189.62890625,114682.796875,8240.9853515625,103053.0546875
Q,f120h,120,3.502764940261841,0.9900395274162292,0.8255196213722229,-8.656171798706055,27.891170501708984,0.00010000000474974513,42.74477005004883
T,f120h,120,12.448186874389648,-4.432850360870361,0.9098770022392273,167.87408447265625,386.5589294433594,190.65707397460938,316.4423828125
U,f120h,120,10.505175590515137,-0.7288112640380859,0.6967302560806274,-84.6036605834961,80.49686431884766,-50.550472259521484,92.21041870117188
V,f120h,120,12.679539680480957,-2.308666467666626,0.1147112175822258,-79.65882873535156,70.85960388183594,-53.86837387084961,70.4822998046875
W,f120h,120,0.3042452931404114,-0.01574595831334591,0.007206909358501434,-0.7190890908241272,1.6244653463363647,-8.341583251953125,7.4086012840271
P,f126h,126,1363.1939697265625,-329.0708923339844,0.9991121292114258,8190.70751953125,115711.1875,8246.828125,102878.8515625
Q,f126h,126,3.549618721008301,1.0550881624221802,0.81844162940979,-9.150829315185547,27.37959861755371,0.00010000000474974513,46.1275634765625
T,f126h,126,13.107611656188965,-4.738300323486328,0.9010038375854492,166.57809448242188,396.12127685546875,189.68116760253906,320.4377746582031
U,f126h,126,10.545848846435547,-0.7169449925422668,0.696390688419342,-86.25407409667969,81.12702941894531,-52.42633056640625,93.59671783447266
V,f126h,126,13.065166473388672,-2.3011958599090576,0.1099611148238182,-82.58253479003906,71.95186614990234,-70.14912414550781,72.26980590820312
W,f126h,126,0.31848815083503723,-0.01836174726486206,0.006901989690959454,-0.7081423997879028,1.626558542251587,-18.783184051513672,5.567868709564209
P,f132h,132,1425.53662109375,-348.25341796875,0.9990268349647522,8192.5439453125,116783.5390625,8240.6630859375,103473.9609375
Q,f132h,132,3.6098296642303467,1.1281436681747437,0.8098155856132507,-9.643797874450684,26.9667911529541,0.00010000000474974513,41.162906646728516
T,f132h,132,13.693445205688477,-4.958974361419678,0.8927537202835083,165.27230834960938,400.36029052734375,197.27548217773438,319.523681640625
U,f132h,132,10.645384788513184,-0.6654501557350159,0.6932970881462097,-87.06890106201172,81.65277099609375,-55.59815979003906,94.25267791748047
V,f132h,132,13.444133758544922,-2.2676587104797363,0.10403067618608475,-85.57278442382812,73.8244857788086,-65.83172607421875,78.55174255371094
W,f132h,132,0.3283904790878296,-0.020167283713817596,0.011118457652628422,-0.6822333335876465,1.625820279121399,-8.930065155029297,7.402871608734131
P,f138h,138,1479.8214111328125,-361.55718994140625,0.9989496469497681,8194.58203125,117859.890625,8244.03515625,103194.578125
Q,f138h,138,3.6697490215301514,1.1965763568878174,0.8013828992843628,-10.133464813232422,26.480300903320312,0.00010000000474974513,39.70110321044922
T,f138h,138,14.188762664794922,-5.096563816070557,0.8854112029075623,163.96200561523438,411.90234375,197.2510223388672,317.0439453125
U,f138h,138,10.802021980285645,-0.6083842515945435,0.6865440607070923,-89.29673767089844,82.04190826416016,-59.62942123413086,94.44001770019531
V,f138h,138,13.762332916259766,-2.232147216796875,0.1119874119758606,-88.09577941894531,75.33906555175781,-67.75994110107422,82.78092956542969
W,f138h,138,0.3179742693901062,-0.023056134581565857,0.01137691643089056,-0.7082410454750061,1.6229534149169922,-8.167064666748047,6.574548244476318
P,f144h,144,1536.0421142578125,-372.283203125,0.9988642930984497,8197.2236328125,119021.265625,8252.759765625,101930.1953125
Q,f144h,144,3.740225315093994,1.2365986108779907,0.7950210571289062,-10.612727165222168,26.12438201904297,0.00010000000474974513,40.99824523925781
T,f144h,144,14.715265274047852,-5.356651782989502,0.8777772784233093,162.63995361328125,415.7902526855469,196.9715118408203,317.22705078125
U,f144h,144,10.951864242553711,-0.5841665267944336,0.6794192790985107,-91.24142456054688,82.33908081054688,-58.723121643066406,91.77932739257812
V,f144h,144,14.064532279968262,-2.1658267974853516,0.11285039782524109,-90.02192687988281,76.63920593261719,-70.9170913696289,74.56558227539062
W,f144h,144,0.31418031454086304,-0.020244235172867775,0.008413064293563366,-0.7002145051956177,1.6187255382537842,-13.084136962890625,9.641176223754883
P,f150h,150,1596.732177734375,-390.4501647949219,0.9987697005271912,8201.0634765625,120376.59375,8275.3076171875,102297.515625
Q,f150h,150,3.8020148277282715,1.3016752004623413,0.7862286567687988,-11.079516410827637,25.93267059326172,0.00010000000474974513,42.921669006347656
T,f150h,150,15.411809921264648,-5.634963512420654,0.867382824420929,161.3021240234375,427.846923828125,196.2854766845703,319.2615966796875
U,f150h,150,11.116150856018066,-0.6539511680603027,0.6724335551261902,-94.47280883789062,82.53018188476562,-57.13785171508789,91.68756103515625
V,f150h,150,14.380830764770508,-2.04164719581604,0.10993726551532745,-91.3418197631836,77.6727523803711,-76.41365051269531,73.33775329589844
W,f150h,150,0.3208853304386139,-0.024028684943914413,0.0060578021220862865,-0.6993846893310547,1.6131844520568848,-9.380681991577148,6.954699516296387
P,f156h,156,1658.7657470703125,-409.14837646484375,0.9986697435379028,8205.5234375,121759.0859375,8284.4599609375,102819.6171875
Q,f156h,156,3.8405702114105225,1.394776463508606,0.7762982845306396,-11.534183502197266,25.73044776916504,0.00010000000474974513,41.307029724121094
T,f156h,156,16.030231475830078,-5.847507476806641,0.8579092621803284,159.9505157470703,431.9594421386719,196.04226684570312,321.06134033203125
U,f156h,156,11.275157928466797,-0.6115994453430176,0.6655190587043762,-96.63118743896484,82.58614349365234,-61.11948013305664,94.8676528930664
V,f156h,156,14.747710227966309,-1.9760910272598267,0.09779207408428192,-92.09029388427734,78.53738403320312,-71.98131561279297,68.62158203125
W,f156h,156,0.3414146900177002,-0.02553616277873516,0.006573939695954323,-0.7145057320594788,1.6281564235687256,-13.345947265625,7.271365165710449
P,f162h,162,1714.5120849609375,-421.85577392578125,0.9985763430595398,8210.650390625,123163.578125,8287.7080078125,103187.484375
Q,f162h,162,3.867178201675415,1.449798345565796,0.7706954479217529,-11.971661567687988,25.515613555908203,0.00010000000474974513,42.45258712768555
T,f162h,162,16.525907516479492,-5.954367637634277,0.8499972820281982,158.55606079101562,443.9212951660156,193.1299591064453,317.2300720214844
U,f162h,162,11.434288024902344,-0.5380856990814209,0.6598104238510132,-99.3180160522461,82.5503158569336,-67.58412170410156,103.47142028808594
V,f162h,162,15.015511512756348,-1.8789781332015991,0.10389711707830429,-92.2591552734375,79.18287658691406,-73.44148254394531,65.38016510009766
W,f162h,162,0.325189471244812,-0.02955840528011322,0.006532314233481884,-0.7327883839607239,1.6475318670272827,-14.363260269165039,6.0385236740112305
P,f168h,168,1774.3541259765625,-432.03173828125,0.9984714388847351,8216.494140625,124567.1484375,8269.5888671875,102169.3125
Q,f168h,168,3.910630464553833,1.4741778373718262,0.7665114402770996,-12.392356872558594,25.283300399780273,0.00010000000474974513,41.0648307800293
T,f168h,168,17.060964584350586,-6.179227352142334,0.8417701721191406,156.99513244628906,448.18133544921875,192.1143035888672,317.30950927734375
U,f168h,168,11.557735443115234,-0.44545087218284607,0.6541095972061157,-101.45974731445312,82.43692016601562,-58.89535903930664,93.74533081054688
V,f168h,168,15.330146789550781,-1.7603679895401,0.0964028611779213,-92.01922607421875,79.73318481445312,-74.3472671508789,64.71209716796875
W,f168h,168,0.3112258017063141,-0.02671065367758274,0.0034995339810848236,-0.7257261276245117,1.6619871854782104,-11.874027252197266,7.540070533752441
P,f174h,174,1840.38330078125,-450.7294006347656,0.9983528852462769,8222.7880859375,125970.140625,8246.8203125,102674.8828125
Q,f174h,174,3.9709513187408447,1.5150268077850342,0.7588964104652405,-12.79238510131836,25.077369689941406,0.00010000000474974513,43.67001724243164
T,f174h,174,17.72306251525879,-6.437252998352051,0.8314009308815002,155.41029357910156,460.0473937988281,190.7142791748047,319.2594299316406
U,f174h,174,11.7138032913208,-0.3994978964328766,0.6460446119308472,-103.8273696899414,82.26000213623047,-51.37387466430664,89.828125
V,f174h,174,15.722787857055664,-1.727817416191101,0.08322374522686005,-91.88004302978516,80.02799987792969,-71.97819519042969,55.987300872802734
W,f174h,174,0.3175826370716095,-0.030081946402788162,0.006592705380171537,-0.6847637295722961,1.6716036796569824,-7.566906929016113,6.910947799682617
P,f180h,180,1911.4473876953125,-468.9964904785156,0.9982196092605591,8228.7900390625,127368.640625,8214.6455078125,102753.2421875
Q,f180h,180,4.016605377197266,1.5742781162261963,0.7506245970726013,-13.171056747436523,25.437192916870117,0.00010000000474974513,41.66853332519531
T,f180h,180,18.335512161254883,-6.600379467010498,0.8215250372886658,153.80007934570312,464.41009521484375,190.59925842285156,320.2915954589844
U,f180h,180,11.901823043823242,-0.2890017628669739,0.6367236971855164,-105.90658569335938,82.03800964355469,-53.3957633972168,87.25418090820312
V,f180h,180,16.12489128112793,-1.6076881885528564,0.06775987148284912,-92.5113296508789,80.22840118408203,-70.28858947753906,55.171104431152344
W,f180h,180,0.33822810649871826,-0.03241640329360962,0.004497096408158541,-0.7300118803977966,1.6771117448806763,-9.513239860534668,7.484289646148682
P,f186h,186,1969.4149169921875,-479.49432373046875,0.998107373714447,8235.2109375,128757.125,8182.697265625,103042.5390625
Q,f186h,186,4.044216156005859,1.615477442741394,0.7453775405883789,-13.52787971496582,25.77850914001465,0.00010000000474974513,39.944297790527344
T,f186h,186,18.859895706176758,-6.652619361877441,0.8126869797706604,152.16258239746094,476.131103515625,190.7601776123047,317.20892333984375
U,f186h,186,12.199949264526367,-0.13573536276817322,0.6212053298950195,-108.04607391357422,81.77130126953125,-59.763275146484375,86.49490356445312
V,f186h,186,16.390552520751953,-1.4049921035766602,0.07303721457719803,-92.94940185546875,80.28771209716797,-70.02498626708984,60.86636734008789
W,f186h,186,0.32382938265800476,-0.036409154534339905,0.005273532122373581,-0.6943331956863403,1.6789679527282715,-12.576419830322266,6.112500190734863
P,f192h,192,2030.7772216796875,-485.97686767578125,0.9979814291000366,8241.51953125,130132.8203125,8152.45166015625,102446.109375
Q,f192h,192,4.09555721282959,1.6396690607070923,0.7395080327987671,-13.862139701843262,26.100534439086914,0.00010000000474974513,39.64900207519531
T,f192h,192,19.442607879638672,-6.875641822814941,0.8033292889595032,150.50218200683594,480.59521484375,190.3170928955078,317.8749694824219
U,f192h,192,12.367469787597656,-0.010106897912919521,0.6120849847793579,-110.01325225830078,81.46632385253906,-67.448974609375,84.04222869873047
V,f192h,192,16.700397491455078,-1.2396873235702515,0.07074758410453796,-93.30416870117188,80.23566436767578,-68.57281494140625,66.956787109375
W,f192h,192,0.323626309633255,-0.032979194074869156,0.002497740089893341,-0.7278892993927002,1.6774075031280518,-16.00536346435547,7.845829010009766
P,f198h,198,2091.23828125,-499.8607482910156,0.9978554844856262,8244.6796875,131499.015625,8144.02783203125,102626.234375
Q,f198h,198,4.162966728210449,1.6868942975997925,0.7300432324409485,-14.1683349609375,26.40729331970215,0.00010000000474974513,43.751869201660156
T,f198h,198,20.140953063964844,-7.115983963012695,0.7918842434883118,148.81021118164062,491.9831237792969,188.79055786132812,319.4112548828125
U,f198h,198,12.588642120361328,0.02418539859354496,0.5988805294036865,-111.96440887451172,81.15697479248047,-62.08204650878906,84.57901000976562
V,f198h,198,17.0477352142334,-1.0799047946929932,0.06569482386112213,-93.63239288330078,80.13270568847656,-84.10260772705078,72.14395141601562
W,f198h,198,0.3330329954624176,-0.03564392402768135,0.002698367927223444,-0.7079725861549377,1.6731754541397095,-13.64977741241455,7.835234642028809
P,f204h,204,2158.5771484375,-513.8765258789062,0.9977110028266907,8247.7080078125,132856.09375,8123.39501953125,103508.0078125
Q,f204h,204,4.2167181968688965,1.727688193321228,0.7218108177185059,-14.444475173950195,26.694894790649414,0.00010000000474974513,43.82062911987305
T,f204h,204,20.780942916870117,-7.275650501251221,0.781151294708252,147.08956909179688,496.5835876464844,189.6420135498047,320.503662109375
U,f204h,204,12.77087688446045,0.15118178725242615,0.5885009169578552,-113.7677993774414,80.83759307861328,-64.52537536621094,88.63186645507812
V,f204h,204,17.36206817626953,-0.8884990811347961,0.06192738562822342,-93.76658630371094,79.92649841308594,-76.68744659423828,80.90859985351562
W,f204h,204,0.34797441959381104,-0.03578873351216316,0.005318851675838232,-0.7164263725280762,1.6663875579833984,-13.019697189331055,10.012933731079102
P,f210h,210,2214.754150390625,-521.8427734375,0.9975862503051758,8250.5322265625,134211.0625,8114.73779296875,103461.9140625
Q,f210h,210,4.280182838439941,1.7296894788742065,0.7152317762374878,-14.690347671508789,26.963483810424805,0.00010000000474974513,40.287967681884766
T,f210h,210,21.31741714477539,-7.310258388519287,0.771854817867279,145.33087158203125,507.92572021484375,188.62454223632812,316.9068603515625
U,f210h,210,12.92140007019043,0.24674202501773834,0.5811934471130371,-115.4976577758789,80.5174789428711,-57.109535217285156,94.69331359863281
V,f210h,210,17.654680252075195,-0.7084606885910034,0.0686967670917511,-94.32678985595703,79.64347076416016,-76.83478546142578,77.05778503417969
W,f210h,210,0.33046475052833557,-0.04040518403053284,0.005257800221443176,-0.7163917422294617,1.6724640130996704,-10.98951244354248,7.84498929977417
P,f216h,216,2279.565185546875,-526.2842407226562,0.9974364638328552,8253.6796875,135563.03125,8103.29248046875,102154.1171875
Q,f216h,216,4.3759870529174805,1.6991422176361084,0.7100388407707214,-14.903298377990723,27.215944290161133,0.00010000000474974513,40.98676681518555
T,f216h,216,21.90007781982422,-7.487532615661621,0.7622946500778198,143.52679443359375,512.7261352539062,189.21224975585938,319.3830871582031
U,f216h,216,12.94933032989502,0.347934752702713,0.5807622075080872,-117.07459259033203,80.21470642089844,-52.6700325012207,100.30912780761719
V,f216h,216,17.98920440673828,-0.5199972987174988,0.06598217040300369,-96.26128387451172,79.31609344482422,-77.4827651977539,77.63056945800781
W,f216h,216,0.328938752412796,-0.036660145968198776,0.004960984457284212,-0.7142679691314697,1.7155998945236206,-21.889944076538086,7.461616039276123
P,f222h,222,2341.854248046875,-538.5071411132812,0.9972897171974182,8257.5068359375,136914.546875,8103.28466796875,102729.9296875
Q,f222h,222,4.489951133728027,1.6745041608810425,0.7038593292236328,-15.080385208129883,27.444599151611328,0.00010000000474974513,41.66240310668945
T,f222h,222,22.577102661132812,-7.657350063323975,0.7509185075759888,141.67591857910156,522.2999877929688,188.0607147216797,318.5508117675781
U,f222h,222,13.000948905944824,0.3978484570980072,0.5806806683540344,-118.53780364990234,80.21170806884766,-69.89456939697266,99.20640563964844
V,f222h,222,18.26654052734375,-0.33021309971809387,0.0657539889216423,-98.12416076660156,78.9664535522461,-79.72936248779297,73.97645568847656
W,f222h,222,0.34722867608070374,-0.03938807174563408,0.006067794281989336,-0.729575514793396,1.7537966966629028,-19.703702926635742,6.605539321899414
P,f228h,228,2407.292724609375,-552.491455078125,0.9971332550048828,8262.0205078125,138255.390625,8099.12109375,103234.7421875
Q,f228h,228,4.53326416015625,1.7067625522613525,0.6958262324333191,-15.21843147277832,27.656780242919922,0.00010000000474974513,42.61803436279297
T,f228h,228,23.201148986816406,-7.756747245788574,0.7403735518455505,139.77491760253906,527.5216064453125,187.48741149902344,321.6947021484375
U,f228h,228,12.991753578186035,0.5590114593505859,0.5854853987693787,-119.75332641601562,80.3875961303711,-62.194183349609375,96.86994934082031
V,f228h,228,18.58954620361328,-0.13381242752075195,0.05703228339552879,-99.94319915771484,78.5933609008789,-77.24190521240234,70.28907012939453
W,f228h,228,0.34753209352493286,-0.04150821268558502,0.007096556015312672,-0.6834325194358826,1.7874395847320557,-11.019742965698242,5.870908260345459
P,f234h,234,2462.41259765625,-560.8649291992188,0.9969965815544128,8267.23046875,139573.9375,8104.5751953125,103364.9765625
Q,f234h,234,4.559289932250977,1.7067451477050781,0.6912059783935547,-15.315671920776367,27.85342788696289,0.00010000000474974513,40.97198486328125
T,f234h,234,23.72952651977539,-7.758378982543945,0.7314070463180542,137.82028198242188,536.685546875,184.91897583007812,317.0407409667969
U,f234h,234,13.054221153259277,0.678950846195221,0.5869360566139221,-120.71686553955078,80.63983154296875,-68.28355407714844,86.84691619873047
V,f234h,234,18.795345306396484,0.09624318033456802,0.06266883760690689,-101.57545471191406,78.18182373046875,-73.11109924316406,64.73206329345703
W,f234h,234,0.32999736070632935,-0.0431436188519001,0.005247051361948252,-0.7539831399917603,1.817145586013794,-11.922863960266113,6.8997979164123535
P,f240h,240,2527.645263671875,-564.5377197265625,0.9968298077583313,8273.263671875,140854.40625,8118.38330078125,102974.953125
Q,f240h,240,4.6359782218933105,1.6861952543258667,0.6848230361938477,-15.368552207946777,28.032663345336914,0.00010000000474974513,41.13715362548828
T,f240h,240,24.298391342163086,-7.897349834442139,0.7224202156066895,135.83273315429688,542.3767700195312,188.1110382080078,319.03466796875
U,f240h,240,13.089529037475586,0.8029211759567261,0.58928382396698,-121.10186004638672,80.9875259399414,-60.29960632324219,88.08844757080078
V,f240h,240,18.97243309020996,0.3927994668483734,0.06529084593057632,-103.02536010742188,77.72966766357422,-78.2293930053711,62.6629524230957
W,f240h,240,0.32009848952293396,-0.03984766826033592,0.00367404124699533,-0.6732544302940369,1.8430719375610352,-9.809014320373535,8.256452560424805
