EPOCH,VAR,LEAD,LEAD_H,RMSE,BIAS,ACC
Epoch 7,T,f0006h,6,1.4168572425842285,-0.05326160416007042,0.9925246834754944
Epoch 7,P,f0006h,6,186.75180053710938,185.76513671875,-1.135786305894726e-06
Epoch 7,U,f0006h,6,5.595106601715088,0.3412310481071472,0.9504134654998779
Epoch 7,V,f0006h,6,6.593059062957764,-0.21417704224586487,0.8484804630279541
Epoch 7,W,f0006h,6,0.20863738656044006,-0.006085291970521212,0.19931738078594208
Epoch 7,Q,f0006h,6,0.20338106155395508,-0.042394012212753296,0.8711065649986267
Epoch 7,T,f0012h,12,2.1490204334259033,-0.42509961128234863,0.9836122989654541
Epoch 7,P,f0012h,12,187.0046844482422,186.00802612304688,0.0201383326202631
Epoch 7,U,f0012h,12,8.57354736328125,0.8166769742965698,0.8821203708648682
Epoch 7,V,f0012h,12,9.836084365844727,-0.6682088971138,0.6578239798545837
Epoch 7,W,f0012h,12,0.19564925134181976,0.007257469464093447,0.13072940707206726
Epoch 7,Q,f0012h,12,0.2874295115470886,-0.0723247230052948,0.7399837374687195
Epoch 7,T,f0018h,18,2.7424046993255615,-0.7596484422683716,0.9746227264404297
Epoch 7,P,f0018h,18,187.2107391357422,186.22239685058594,0.08406815677881241
Epoch 7,U,f0018h,18,10.158923149108887,1.2258660793304443,0.8328109383583069
Epoch 7,V,f0018h,18,11.543980598449707,-0.6736527681350708,0.5121884346008301
Epoch 7,W,f0018h,18,0.19695167243480682,0.01192705612629652,0.06726367771625519
Epoch 7,Q,f0018h,18,0.3467608094215393,-0.053330183029174805,0.5963842272758484
Epoch 7,T,f0024h,24,3.2405200004577637,-1.0787245035171509,0.9662033915519714
Epoch 7,P,f0024h,24,187.40020751953125,186.40525817871094,0.11741569638252258
Epoch 7,U,f0024h,24,11.512826919555664,1.6525150537490845,0.7869707345962524
Epoch 7,V,f0024h,24,12.482771873474121,-0.7490766048431396,0.4185464680194855
Epoch 7,W,f0024h,24,0.19212883710861206,0.016949377954006195,0.05215027928352356
Epoch 7,Q,f0024h,24,0.3894510865211487,-0.04569140821695328,0.48788827657699585
Epoch 7,T,f0030h,30,3.6760945320129395,-1.3681893348693848,0.9582161903381348
Epoch 7,P,f0030h,30,187.51715087890625,186.53074645996094,0.14285989105701447
Epoch 7,U,f0030h,30,12.421713829040527,2.019033432006836,0.7533766031265259
Epoch 7,V,f0030h,30,13.291936874389648,-0.7243071794509888,0.33772969245910645
Epoch 7,W,f0030h,30,0.20667318999767303,0.0195302776992321,0.02496400475502014
Epoch 7,Q,f0030h,30,0.42406168580055237,-0.03435254842042923,0.3947698175907135
Epoch 7,T,f0036h,36,4.064781188964844,-1.6535439491271973,0.9509921073913574
Epoch 7,P,f0036h,36,187.65213012695312,186.65696716308594,0.1657475084066391
Epoch 7,U,f0036h,36,13.082399368286133,2.48538875579834,0.7286661267280579
Epoch 7,V,f0036h,36,13.882095336914062,-0.8079409003257751,0.28373417258262634
Epoch 7,W,f0036h,36,0.21858228743076324,0.02426847815513611,0.005710918456315994
Epoch 7,Q,f0036h,36,0.45474833250045776,-0.020781541243195534,0.3074195384979248
Epoch 7,T,f0042h,42,4.423911094665527,-1.9172120094299316,0.9440188407897949
Epoch 7,P,f0042h,42,187.79281616210938,186.8065948486328,0.17862571775913239
Epoch 7,U,f0042h,42,13.336606979370117,2.9479291439056396,0.7205072045326233
Epoch 7,V,f0042h,42,14.468422889709473,-0.8853140473365784,0.24467912316322327
Epoch 7,W,f0042h,42,0.19789208471775055,0.025782039389014244,0.003227987326681614
Epoch 7,Q,f0042h,42,0.48111414909362793,-0.0031313798390328884,0.23888148367404938
Epoch 7,T,f0048h,48,4.7341108322143555,-2.1547775268554688,0.938044548034668
Epoch 7,P,f0048h,48,187.94265747070312,186.94961547851562,0.18409155309200287
Epoch 7,U,f0048h,48,13.656322479248047,3.5173139572143555,0.7127509117126465
Epoch 7,V,f0048h,48,14.690515518188477,-0.9418125748634338,0.23054172098636627
Epoch 7,W,f0048h,48,0.19723357260227203,0.029322676360607147,-0.0025179930962622166
Epoch 7,Q,f0048h,48,0.5067306160926819,0.01947728358209133,0.18181784451007843
Epoch 7,T,f0054h,54,5.03358268737793,-2.4032325744628906,0.9324305653572083
Epoch 7,P,f0054h,54,188.03311157226562,187.04873657226562,0.19110192358493805
Epoch 7,U,f0054h,54,14.021458625793457,3.956096887588501,0.703766405582428
Epoch 7,V,f0054h,54,14.788220405578613,-1.0539535284042358,0.2351304441690445
Epoch 7,W,f0054h,54,0.1976086050271988,0.03212805837392807,-0.006390606518834829
Epoch 7,Q,f0054h,54,0.5359382033348083,0.0410286970436573,0.1372320055961609
Epoch 7,T,f0060h,60,5.339259147644043,-2.6452887058258057,0.9264121055603027
Epoch 7,P,f0060h,60,188.1426239013672,187.1519317626953,0.19412288069725037
Epoch 7,U,f0060h,60,14.50218677520752,4.436741352081299,0.6888301372528076
Epoch 7,V,f0060h,60,14.81520938873291,-1.144925594329834,0.24851107597351074
Epoch 7,W,f0060h,60,0.1968807578086853,0.03374890610575676,-0.004831776022911072
Epoch 7,Q,f0060h,60,0.5686265230178833,0.062281325459480286,0.10185027867555618
Epoch 7,T,f0066h,66,5.627679347991943,-2.858476400375366,0.9204612374305725
Epoch 7,P,f0066h,66,188.28311157226562,187.3033905029297,0.19894203543663025
Epoch 7,U,f0066h,66,14.843977928161621,4.853686809539795,0.6785858273506165
Epoch 7,V,f0066h,66,14.929438591003418,-1.2596749067306519,0.25994235277175903
Epoch 7,W,f0066h,66,0.19752584397792816,0.03476927801966667,-0.013981688767671585
Epoch 7,Q,f0066h,66,0.6013733148574829,0.09029193967580795,0.0772358775138855
Epoch 7,T,f0072h,72,5.878902912139893,-3.060133457183838,0.9157226085662842
Epoch 7,P,f0072h,72,188.41587829589844,187.43228149414062,0.2020183503627777
Epoch 7,U,f0072h,72,15.299874305725098,5.402675628662109,0.6680322289466858
Epoch 7,V,f0072h,72,15.064117431640625,-1.4062957763671875,0.25424209237098694
Epoch 7,W,f0072h,72,0.19784602522850037,0.03708585724234581,-0.02097178064286709
Epoch 7,Q,f0072h,72,0.6367082595825195,0.12259244918823242,0.05629134178161621
Epoch 7,T,f0078h,78,6.149853706359863,-3.2986114025115967,0.9109893441200256
Epoch 7,P,f0078h,78,188.49072265625,187.51846313476562,0.20496392250061035
Epoch 7,U,f0078h,78,15.52730941772461,5.768308162689209,0.6673267483711243
Epoch 7,V,f0078h,78,15.094181060791016,-1.5609246492385864,0.2535523474216461
Epoch 7,W,f0078h,78,0.2012098878622055,0.038260266184806824,-0.017692023888230324
Epoch 7,Q,f0078h,78,0.6757175326347351,0.15492171049118042,0.0443948358297348
Epoch 7,T,f0084h,84,6.42298698425293,-3.527681827545166,0.9060268402099609
Epoch 7,P,f0084h,84,188.5824737548828,187.6016387939453,0.20367826521396637
Epoch 7,U,f0084h,84,15.794252395629883,6.274805545806885,0.6626564860343933
Epoch 7,V,f0084h,84,15.141365051269531,-1.5914379358291626,0.2534136176109314
Epoch 7,W,f0084h,84,0.23503372073173523,0.040241122245788574,-0.01940968446433544
Epoch 7,Q,f0084h,84,0.7190209627151489,0.1896553933620453,0.031545814126729965
Epoch 7,T,f0090h,90,6.669209957122803,-3.723391056060791,0.901481568813324
Epoch 7,P,f0090h,90,188.72474670410156,187.75172424316406,0.20880039036273956
Epoch 7,U,f0090h,90,15.8927583694458,6.667583465576172,0.6626093983650208
Epoch 7,V,f0090h,90,15.34766674041748,-1.801499366760254,0.24428731203079224
Epoch 7,W,f0090h,90,0.2087409794330597,0.04148852452635765,-0.014094330370426178
Epoch 7,Q,f0090h,90,0.7641239166259766,0.2320190817117691,0.01704459823668003
Epoch 7,T,f0096h,96,6.893905162811279,-3.917490243911743,0.8979650735855103
Epoch 7,P,f0096h,96,188.8619842529297,187.88619995117188,0.2113306224346161
Epoch 7,U,f0096h,96,16.114980697631836,7.018843650817871,0.6584571599960327
Epoch 7,V,f0096h,96,15.66871166229248,-1.9583258628845215,0.22707705199718475
Epoch 7,W,f0096h,96,0.18960395455360413,0.04158290848135948,-0.00630812905728817
Epoch 7,Q,f0096h,96,0.8128458857536316,0.27576950192451477,0.004090805072337389
Epoch 7,T,f0102h,102,7.170845031738281,-4.134490966796875,0.8926882147789001
Epoch 7,P,f0102h,102,188.9298858642578,187.9651641845703,0.21789269149303436
Epoch 7,U,f0102h,102,16.38391876220703,7.41862678527832,0.6518068909645081
Epoch 7,V,f0102h,102,16.02934455871582,-2.0660486221313477,0.20162740349769592
Epoch 7,W,f0102h,102,0.20626682043075562,0.043193668127059937,-0.005016612820327282
Epoch 7,Q,f0102h,102,0.8652092814445496,0.3159323036670685,-0.004880280699580908
Epoch 7,T,f0108h,108,7.444047451019287,-4.355676651000977,0.8876791596412659
Epoch 7,P,f0108h,108,188.99380493164062,188.02296447753906,0.22083504498004913
Epoch 7,U,f0108h,108,16.655174255371094,7.9518723487854,0.6492142081260681
Epoch 7,V,f0108h,108,16.36147689819336,-2.281069278717041,0.18121539056301117
Epoch 7,W,f0108h,108,0.2015850841999054,0.04372965544462204,-0.004804020747542381
Epoch 7,Q,f0108h,108,0.9197703003883362,0.35822996497154236,-0.01424529030919075
Epoch 7,T,f0114h,114,7.675791263580322,-4.5662360191345215,0.8845060467720032
Epoch 7,P,f0114h,114,189.09103393554688,188.1290283203125,0.22791996598243713
Epoch 7,U,f0114h,114,16.70974349975586,8.393259048461914,0.6549251079559326
Epoch 7,V,f0114h,114,16.709514617919922,-2.5586376190185547,0.16941896080970764
Epoch 7,W,f0114h,114,0.2148093581199646,0.04573653265833855,-0.008812115527689457
Epoch 7,Q,f0114h,114,0.9773465394973755,0.4057219326496124,-0.026129277423024178
Epoch 7,T,f0120h,120,7.92601203918457,-4.792582988739014,0.8808981776237488
Epoch 7,P,f0120h,120,189.17965698242188,188.2144317626953,0.22864238917827606
Epoch 7,U,f0120h,120,16.879085540771484,8.908989906311035,0.6582697033882141
Epoch 7,V,f0120h,120,16.958921432495117,-2.762769937515259,0.1603163182735443
Epoch 7,W,f0120h,120,0.19796784222126007,0.045600876212120056,-0.017127901315689087
Epoch 7,Q,f0120h,120,1.036629319190979,0.4558880925178528,-0.03246930614113808
Epoch 7,T,f0126h,126,8.207671165466309,-5.050529956817627,0.876892626285553
Epoch 7,P,f0126h,126,189.2137908935547,188.25823974609375,0.23222759366035461
Epoch 7,U,f0126h,126,16.998619079589844,9.316384315490723,0.6628333926200867
Epoch 7,V,f0126h,126,17.276607513427734,-2.9525327682495117,0.14856335520744324
Epoch 7,W,f0126h,126,0.20577791333198547,0.04596161097288132,-0.013014467433094978
Epoch 7,Q,f0126h,126,1.0978398323059082,0.5067968964576721,-0.036768268793821335
Epoch 7,T,f0132h,132,8.502338409423828,-5.324485778808594,0.8728110790252686
Epoch 7,P,f0132h,132,189.2550811767578,188.2938232421875,0.2313140481710434
Epoch 7,U,f0132h,132,17.286943435668945,9.84363079071045,0.6626285910606384
Epoch 7,V,f0132h,132,17.583877563476562,-3.193415641784668,0.14327852427959442
Epoch 7,W,f0132h,132,0.21746766567230225,0.04676695168018341,-0.013873154297471046
Epoch 7,Q,f0132h,132,1.1590696573257446,0.5571579933166504,-0.03885902836918831
Epoch 7,T,f0138h,138,8.795733451843262,-5.586878299713135,0.8685885071754456
Epoch 7,P,f0138h,138,189.31422424316406,188.3647003173828,0.2362712323665619
Epoch 7,U,f0138h,138,17.5042667388916,10.274186134338379,0.6670526266098022
Epoch 7,V,f0138h,138,17.97865867614746,-3.3875343799591064,0.13040143251419067
Epoch 7,W,f0138h,138,0.19740650057792664,0.04576590657234192,-0.016375048086047173
Epoch 7,Q,f0138h,138,1.2224466800689697,0.6112420558929443,-0.04439302161335945
Epoch 7,T,f0144h,144,9.077225685119629,-5.844264984130859,0.8647627830505371
Epoch 7,P,f0144h,144,189.3573455810547,188.40435791015625,0.23604102432727814
Epoch 7,U,f0144h,144,17.90090560913086,10.804328918457031,0.6640028357505798
Epoch 7,V,f0144h,144,18.25608253479004,-3.4953360557556152,0.1265956610441208
Epoch 7,W,f0144h,144,0.19227099418640137,0.04591859504580498,-0.025675062090158463
Epoch 7,Q,f0144h,144,1.2854342460632324,0.6666591167449951,-0.042987216264009476
Epoch 7,T,f0150h,150,9.393345832824707,-6.125390529632568,0.8600113987922668
Epoch 7,P,f0150h,150,189.35165405273438,188.40524291992188,0.2390931248664856
Epoch 7,U,f0150h,150,18.21371841430664,11.218501091003418,0.6583850383758545
Epoch 7,V,f0150h,150,18.501079559326172,-3.6158547401428223,0.1164812445640564
Epoch 7,W,f0150h,150,0.209037184715271,0.047772131860256195,-0.019517971202731133
Epoch 7,Q,f0150h,150,1.3488603830337524,0.7221583127975464,-0.042450789362192154
Epoch 7,T,f0156h,156,9.743317604064941,-6.438908100128174,0.8545610904693604
Epoch 7,P,f0156h,156,189.33111572265625,188.37530517578125,0.23807208240032196
Epoch 7,U,f0156h,156,18.62126922607422,11.640869140625,0.6459300518035889
Epoch 7,V,f0156h,156,18.84389305114746,-3.8264405727386475,0.10477347671985626
Epoch 7,W,f0156h,156,0.21290265023708344,0.04632528871297836,-0.022450674325227737
Epoch 7,Q,f0156h,156,1.4128974676132202,0.7738518714904785,-0.04267403483390808
Epoch 7,T,f0162h,162,10.042929649353027,-6.751715660095215,0.8523213863372803
Epoch 7,P,f0162h,162,189.32498168945312,188.3779296875,0.24255970120429993
Epoch 7,U,f0162h,162,18.871118545532227,11.925602912902832,0.6406285166740417
Epoch 7,V,f0162h,162,19.020343780517578,-3.977267026901245,0.09922230988740921
Epoch 7,W,f0162h,162,0.223917156457901,0.04700847342610359,-0.014479261822998524
Epoch 7,Q,f0162h,162,1.4789470434188843,0.8292784094810486,-0.042925361543893814
Epoch 7,T,f0168h,168,10.299954414367676,-7.02553129196167,0.8512434959411621
Epoch 7,P,f0168h,168,189.34457397460938,188.39395141601562,0.24389146268367767
Epoch 7,U,f0168h,168,19.2099609375,12.451120376586914,0.6373564004898071
Epoch 7,V,f0168h,168,19.18910789489746,-4.097356796264648,0.08954798430204391
Epoch 7,W,f0168h,168,0.2028028815984726,0.0464869886636734,-0.003723651170730591
Epoch 7,Q,f0168h,168,1.5452306270599365,0.8891875147819519,-0.039640169590711594
Epoch 7,T,f0174h,174,10.612974166870117,-7.28971004486084,0.8465139269828796
Epoch 7,P,f0174h,174,189.31101989746094,188.3710174560547,0.24882161617279053
Epoch 7,U,f0174h,174,19.51165199279785,12.875036239624023,0.6318966150283813
Epoch 7,V,f0174h,174,19.313581466674805,-4.150134086608887,0.08419232070446014
Epoch 7,W,f0174h,174,0.20912623405456543,0.046167436987161636,-0.008951276540756226
Epoch 7,Q,f0174h,174,1.6133285760879517,0.9471028447151184,-0.0426972359418869
Epoch 7,T,f0180h,180,10.935827255249023,-7.558968544006348,0.8413110971450806
Epoch 7,P,f0180h,180,189.27919006347656,188.33282470703125,0.2485877424478531
Epoch 7,U,f0180h,180,19.86918830871582,13.357999801635742,0.6266724467277527
Epoch 7,V,f0180h,180,19.3861026763916,-4.201236248016357,0.09280119091272354
Epoch 7,W,f0180h,180,0.2032219022512436,0.044743701815605164,-0.01092742569744587
Epoch 7,Q,f0180h,180,1.6809278726577759,1.0011229515075684,-0.04813079163432121
Epoch 7,T,f0186h,186,11.204151153564453,-7.798557758331299,0.8384995460510254
Epoch 7,P,f0186h,186,189.2813262939453,188.34205627441406,0.25432637333869934
Epoch 7,U,f0186h,186,20.06490707397461,13.766653060913086,0.6276258826255798
Epoch 7,V,f0186h,186,19.340686798095703,-4.496488571166992,0.10788542777299881
Epoch 7,W,f0186h,186,0.21215547621250153,0.04471902176737785,-0.01523717399686575
Epoch 7,Q,f0186h,186,1.7477262020111084,1.0573949813842773,-0.05058339983224869
Epoch 7,T,f0192h,192,11.47308349609375,-8.028146743774414,0.8352264761924744
Epoch 7,P,f0192h,192,189.2812957763672,188.3372344970703,0.25588735938072205
Epoch 7,U,f0192h,192,20.35741424560547,14.245604515075684,0.6258858442306519
Epoch 7,V,f0192h,192,19.499181747436523,-4.723358154296875,0.10725492238998413
Epoch 7,W,f0192h,192,0.20949669182300568,0.04510106146335602,-0.022103963419795036
Epoch 7,Q,f0192h,192,1.8153551816940308,1.1157780885696411,-0.05257463455200195
Epoch 7,T,f0198h,198,11.813409805297852,-8.291833877563477,0.8290940523147583
Epoch 7,P,f0198h,198,189.21766662597656,188.28201293945312,0.26128292083740234
Epoch 7,U,f0198h,198,20.665063858032227,14.604510307312012,0.6207255721092224
Epoch 7,V,f0198h,198,19.73955726623535,-4.835906982421875,0.09558174759149551
Epoch 7,W,f0198h,198,0.20430995523929596,0.04463355988264084,-0.007639285642653704
Epoch 7,Q,f0198h,198,1.8839043378829956,1.1765576601028442,-0.05362885817885399
Epoch 7,T,f0204h,204,12.169585227966309,-8.542037963867188,0.8211826086044312
Epoch 7,P,f0204h,204,189.16397094726562,188.21734619140625,0.2613120675086975
Epoch 7,U,f0204h,204,21.141935348510742,15.147564888000488,0.6121574640274048
Epoch 7,V,f0204h,204,19.90510368347168,-4.890727996826172,0.08855687826871872
Epoch 7,W,f0204h,204,0.20756220817565918,0.04149878770112991,-0.010647034272551537
Epoch 7,Q,f0204h,204,1.9526923894882202,1.2356390953063965,-0.05961572378873825
Epoch 7,T,f0210h,210,12.51480770111084,-8.777955055236816,0.8135764598846436
Epoch 7,P,f0210h,210,189.16871643066406,188.2279052734375,0.2655015289783478
Epoch 7,U,f0210h,210,21.628849029541016,15.654930114746094,0.6020344495773315
Epoch 7,V,f0210h,210,20.031352996826172,-5.116390705108643,0.08499657362699509
Epoch 7,W,f0210h,210,0.21797728538513184,0.042450644075870514,-0.0190863199532032
Epoch 7,Q,f0210h,210,2.020883560180664,1.2972091436386108,-0.060796551406383514
Epoch 7,T,f0216h,216,12.839886665344238,-8.9911470413208,0.8062818646430969
Epoch 7,P,f0216h,216,189.18954467773438,188.24044799804688,0.26552632451057434
Epoch 7,U,f0216h,216,22.20187759399414,16.13811492919922,0.5871906280517578
Epoch 7,V,f0216h,216,20.243024826049805,-5.244964122772217,0.0753728598356247
Epoch 7,W,f0216h,216,0.20090699195861816,0.040527936071157455,-0.020714258775115013
Epoch 7,Q,f0216h,216,2.0870134830474854,1.357052206993103,-0.058196283876895905
Epoch 7,T,f0222h,222,13.14184284210205,-9.183509826660156,0.7998854517936707
Epoch 7,P,f0222h,222,189.164306640625,188.22079467773438,0.269288569688797
Epoch 7,U,f0222h,222,22.643627166748047,16.494049072265625,0.5753508806228638
Epoch 7,V,f0222h,222,20.378864288330078,-5.308313369750977,0.06820772588253021
Epoch 7,W,f0222h,222,0.1973554790019989,0.04027200862765312,-0.02199873887002468
Epoch 7,Q,f0222h,222,2.15280818939209,1.4146864414215088,-0.056365612894296646
Epoch 7,T,f0228h,228,13.397049903869629,-9.354318618774414,0.7956941723823547
Epoch 7,P,f0228h,228,189.15565490722656,188.1980438232422,0.2671934962272644
Epoch 7,U,f0228h,228,22.98688507080078,16.916044235229492,0.5691278576850891
Epoch 7,V,f0228h,228,20.415786743164062,-5.336348056793213,0.07091143727302551
Epoch 7,W,f0228h,228,0.2168695330619812,0.03996123746037483,-0.016366515308618546
Epoch 7,Q,f0228h,228,2.2167317867279053,1.4700485467910767,-0.05408450588583946
Epoch 7,T,f0234h,234,13.627098083496094,-9.499364852905273,0.7923479080200195
Epoch 7,P,f0234h,234,189.196044921875,188.24545288085938,0.2706499993801117
Epoch 7,U,f0234h,234,23.24009895324707,17.30600357055664,0.5665498971939087
Epoch 7,V,f0234h,234,20.437023162841797,-5.486261367797852,0.07739698886871338
Epoch 7,W,f0234h,234,0.24214348196983337,0.03972630947828293,-0.01666623167693615
Epoch 7,Q,f0234h,234,2.2798657417297363,1.5289276838302612,-0.04626480117440224
Epoch 7,T,f0240h,240,13.860921859741211,-9.628620147705078,0.78802090883255
Epoch 7,P,f0240h,240,189.26034545898438,188.30120849609375,0.2684818208217621
Epoch 7,U,f0240h,240,23.644142150878906,17.840723037719727,0.5643123984336853
Epoch 7,V,f0240h,240,20.441396713256836,-5.582375526428223,0.08003990352153778
Epoch 7,W,f0240h,240,0.21040120720863342,0.03899264708161354,-0.015020286664366722
Epoch 7,Q,f0240h,240,2.3441240787506104,1.5892232656478882,-0.039076775312423706
Epoch 8,T,f0006h,6,1.5145068168640137,0.2628224194049835,0.9917396306991577
Epoch 8,P,f0006h,6,186.75180053710938,185.76513671875,-1.135786305894726e-06
Epoch 8,U,f0006h,6,5.602626323699951,-0.7673117518424988,0.9509243369102478
Epoch 8,V,f0006h,6,6.554879188537598,0.13119496405124664,0.8505809903144836
Epoch 8,W,f0006h,6,0.2090037614107132,-0.0014938503736630082,0.19006705284118652
Epoch 8,Q,f0006h,6,0.23649773001670837,-0.037640221416950226,0.8231313228607178
Epoch 8,T,f0012h,12,2.257758855819702,0.2624545693397522,0.9817065000534058
Epoch 8,P,f0012h,12,187.48410034179688,186.48812866210938,0.009625628590583801
Epoch 8,U,f0012h,12,8.565340995788574,-1.4671392440795898,0.8834272027015686
Epoch 8,V,f0012h,12,9.747818946838379,-0.20512835681438446,0.6616199016571045
Epoch 8,W,f0012h,12,0.19721423089504242,0.020012153312563896,0.12175121903419495
Epoch 8,Q,f0012h,12,0.3216702342033386,-0.0689595639705658,0.6692047715187073
Epoch 8,T,f0018h,18,2.8524129390716553,0.4140915274620056,0.9715767502784729
Epoch 8,P,f0018h,18,188.17315673828125,187.17691040039062,-0.016287682577967644
Epoch 8,U,f0018h,18,10.1979398727417,-2.306440591812134,0.8343997597694397
Epoch 8,V,f0018h,18,11.419488906860352,-0.026271549984812737,0.5184047222137451
Epoch 8,W,f0018h,18,0.19778834283351898,0.022513270378112793,0.07080485671758652
Epoch 8,Q,f0018h,18,0.37905439734458923,-0.039307788014411926,0.5146424174308777
Epoch 8,T,f0024h,24,3.326788902282715,0.5216130614280701,0.9619082808494568
Epoch 8,P,f0024h,24,188.82687377929688,187.81582641601562,-0.028685694560408592
Epoch 8,U,f0024h,24,11.61635971069336,-3.0674476623535156,0.7881773114204407
Epoch 8,V,f0024h,24,12.348401069641113,0.008177141658961773,0.42420223355293274
Epoch 8,W,f0024h,24,0.1932488977909088,0.027951765805482864,0.058876004070043564
Epoch 8,Q,f0024h,24,0.4109743535518646,-0.029060954228043556,0.4269568622112274
Epoch 8,T,f0030h,30,3.707860231399536,0.6302740573883057,0.9532259106636047
Epoch 8,P,f0030h,30,189.416748046875,188.4065399169922,-0.033656369894742966
Epoch 8,U,f0030h,30,12.638570785522461,-3.857907295227051,0.7539385557174683
Epoch 8,V,f0030h,30,13.173775672912598,0.17903289198875427,0.3415471613407135
Epoch 8,W,f0030h,30,0.20799238979816437,0.03146417438983917,0.03565763309597969
Epoch 8,Q,f0030h,30,0.4347407817840576,-0.022087767720222473,0.3644827604293823
Epoch 8,T,f0036h,36,4.039535045623779,0.7406084537506104,0.9451411962509155
Epoch 8,P,f0036h,36,190.0230712890625,188.99533081054688,-0.03834451362490654
Epoch 8,U,f0036h,36,13.4099760055542,-4.566359043121338,0.7281398177146912
Epoch 8,V,f0036h,36,13.767093658447266,0.22008942067623138,0.28674939274787903
Epoch 8,W,f0036h,36,0.22036635875701904,0.037926264107227325,0.017244750633835793
Epoch 8,Q,f0036h,36,0.45970261096954346,-0.008951452560722828,0.30189788341522217
Epoch 8,T,f0042h,42,4.347614288330078,0.8576043248176575,0.9372532963752747
Epoch 8,P,f0042h,42,190.61351013183594,189.588623046875,-0.035232145339250565
Epoch 8,U,f0042h,42,13.810578346252441,-5.254551410675049,0.7191053032875061
Epoch 8,V,f0042h,42,14.37193775177002,0.2622133493423462,0.24732497334480286
Epoch 8,W,f0042h,42,0.20025266706943512,0.0413886196911335,0.021141452714800835
Epoch 8,Q,f0042h,42,0.482727974653244,0.01414433028548956,0.2536604702472687
Epoch 8,T,f0048h,48,4.634610652923584,0.9846549034118652,0.9296925067901611
Epoch 8,P,f0048h,48,191.20220947265625,190.16439819335938,-0.03576364740729332
Epoch 8,U,f0048h,48,14.211403846740723,-5.811166286468506,0.7105767130851746
Epoch 8,V,f0048h,48,14.643817901611328,0.32060927152633667,0.23177336156368256
Epoch 8,W,f0048h,48,0.200516477227211,0.046721212565898895,0.0033584446646273136
Epoch 8,Q,f0048h,48,0.5099211931228638,0.047894448041915894,0.21309904754161835
Epoch 8,T,f0054h,54,4.8902668952941895,1.0971646308898926,0.9226189851760864
Epoch 8,P,f0054h,54,191.72718811035156,190.69259643554688,-0.03351932018995285
Epoch 8,U,f0054h,54,14.727669715881348,-6.486560821533203,0.7019923329353333
Epoch 8,V,f0054h,54,14.762460708618164,0.3275386691093445,0.23851606249809265
Epoch 8,W,f0054h,54,0.20156435668468475,0.05135831981897354,-0.00032114185160025954
Epoch 8,Q,f0054h,54,0.5416249632835388,0.08258038759231567,0.18854646384716034
Epoch 8,T,f0060h,60,5.164770126342773,1.209390640258789,0.9145206212997437
Epoch 8,P,f0060h,60,192.26824951171875,191.2215576171875,-0.03430941328406334
Epoch 8,U,f0060h,60,15.320528984069824,-7.1097612380981445,0.6874727010726929
Epoch 8,V,f0060h,60,14.7983980178833,0.35197529196739197,0.255468487739563
Epoch 8,W,f0060h,60,0.20165951550006866,0.05493588000535965,-0.0035835120361298323
Epoch 8,Q,f0060h,60,0.5806761980056763,0.12020257115364075,0.1657247543334961
Epoch 8,T,f0066h,66,5.444395065307617,1.3469197750091553,0.9062292575836182
Epoch 8,P,f0066h,66,192.82862854003906,191.78970336914062,-0.027485795319080353
Epoch 8,U,f0066h,66,15.840288162231445,-7.77987003326416,0.677415668964386
Epoch 8,V,f0066h,66,14.924036979675293,0.3701341152191162,0.27021047472953796
Epoch 8,W,f0066h,66,0.20260143280029297,0.05774462968111038,0.0016720921266824007
Epoch 8,Q,f0066h,66,0.6228323578834534,0.16592788696289062,0.1533667892217636
Epoch 8,T,f0072h,72,5.684756755828857,1.4945255517959595,0.8994070887565613
Epoch 8,P,f0072h,72,193.37646484375,192.32958984375,-0.024394195526838303
Epoch 8,U,f0072h,72,16.367258071899414,-8.310873985290527,0.6671498417854309
Epoch 8,V,f0072h,72,15.105645179748535,0.34957391023635864,0.2647416889667511
Epoch 8,W,f0072h,72,0.2036479264497757,0.06161639094352722,-0.00396072119474411
Epoch 8,Q,f0072h,72,0.6730222105979919,0.2176467925310135,0.13734498620033264
Epoch 8,T,f0078h,78,5.891948223114014,1.6053588390350342,0.893338143825531
Epoch 8,P,f0078h,78,193.8597869873047,192.8218536376953,-0.017479173839092255
Epoch 8,U,f0078h,78,16.847137451171875,-9.020930290222168,0.6668168902397156
Epoch 8,V,f0078h,78,15.207505226135254,0.31504014134407043,0.26276782155036926
Epoch 8,W,f0078h,78,0.20731589198112488,0.06422246992588043,0.005274605937302113
Epoch 8,Q,f0078h,78,0.7303645610809326,0.2705649733543396,0.1233883872628212
Epoch 8,T,f0084h,84,6.109266757965088,1.732528805732727,0.8870483636856079
Epoch 8,P,f0084h,84,194.36354064941406,193.31390380859375,-0.015006682835519314
Epoch 8,U,f0084h,84,17.24161720275879,-9.589178085327148,0.6621918678283691
Epoch 8,V,f0084h,84,15.311193466186523,0.4071388840675354,0.26493462920188904
Epoch 8,W,f0084h,84,0.24099066853523254,0.06732203811407089,-0.0061369407922029495
Epoch 8,Q,f0084h,84,0.7931151986122131,0.32481351494789124,0.10851151496171951
Epoch 8,T,f0090h,90,6.313793659210205,1.8952653408050537,0.8816787600517273
Epoch 8,P,f0090h,90,194.9102783203125,193.86573791503906,-0.008011884056031704
Epoch 8,U,f0090h,90,17.585418701171875,-10.270654678344727,0.6627493500709534
Epoch 8,V,f0090h,90,15.565369606018066,0.31844544410705566,0.2569735050201416
Epoch 8,W,f0090h,90,0.21586951613426208,0.06974038481712341,0.002742185490205884
Epoch 8,Q,f0090h,90,0.8567632436752319,0.3872615694999695,0.09846042841672897
Epoch 8,T,f0096h,96,6.506802082061768,2.0662038326263428,0.8770669102668762
Epoch 8,P,f0096h,96,195.4442138671875,194.3946533203125,-0.0018631857819855213
Epoch 8,U,f0096h,96,18.108171463012695,-10.989219665527344,0.6580905914306641
Epoch 8,V,f0096h,96,15.995283126831055,0.285074919462204,0.2365274429321289
Epoch 8,W,f0096h,96,0.19791600108146667,0.07043145596981049,0.002834114944562316
Epoch 8,Q,f0096h,96,0.9239951372146606,0.4490438401699066,0.08760076016187668
Epoch 8,T,f0102h,102,6.737786769866943,2.222078561782837,0.8705523610115051
Epoch 8,P,f0102h,102,195.90634155273438,194.86590576171875,0.007737218867987394
Epoch 8,U,f0102h,102,18.611581802368164,-11.659333229064941,0.6522384285926819
Epoch 8,V,f0102h,102,16.520906448364258,0.2972900867462158,0.20440712571144104
Epoch 8,W,f0102h,102,0.21433758735656738,0.07278171181678772,0.003664605552330613
Epoch 8,Q,f0102h,102,0.9935674071311951,0.5058256387710571,0.07770933210849762
Epoch 8,T,f0108h,108,6.976752281188965,2.3806331157684326,0.8637421131134033
Epoch 8,P,f0108h,108,196.3644561767578,195.31634521484375,0.01610468700528145
Epoch 8,U,f0108h,108,18.98543357849121,-12.191506385803223,0.650221049785614
Epoch 8,V,f0108h,108,16.959217071533203,0.20861749351024628,0.18237422406673431
Epoch 8,W,f0108h,108,0.2099389135837555,0.0735047310590744,0.009880634024739265
Epoch 8,Q,f0108h,108,1.0666389465332031,0.5635362863540649,0.06225016713142395
Epoch 8,T,f0114h,114,7.168389320373535,2.550837278366089,0.8594175577163696
Epoch 8,P,f0114h,114,196.8506317138672,195.81056213378906,0.028362469747662544
Epoch 8,U,f0114h,114,19.280696868896484,-12.819900512695312,0.6559188961982727
Epoch 8,V,f0114h,114,17.388338088989258,0.050337933003902435,0.16983965039253235
Epoch 8,W,f0114h,114,0.22307011485099792,0.07586374878883362,0.003391674254089594
Epoch 8,Q,f0114h,114,1.1421082019805908,0.6254045963287354,0.04682552441954613
Epoch 8,T,f0120h,120,7.363877296447754,2.7152857780456543,0.8549461960792542
Epoch 8,P,f0120h,120,197.3253936767578,196.2805938720703,0.03546442463994026
Epoch 8,U,f0120h,120,19.58591079711914,-13.373664855957031,0.6598532795906067
Epoch 8,V,f0120h,120,17.695968627929688,-0.031231964007019997,0.16408152878284454
Epoch 8,W,f0120h,120,0.20693811774253845,0.07556656002998352,-0.0030922433361411095
Epoch 8,Q,f0120h,120,1.213727355003357,0.6881894469261169,0.047598131000995636
Epoch 8,T,f0126h,126,7.541637420654297,2.8570282459259033,0.8509663343429565
Epoch 8,P,f0126h,126,197.7428436279297,196.70489501953125,0.042938582599163055
Epoch 8,U,f0126h,126,19.98609161376953,-14.037819862365723,0.664257824420929
Epoch 8,V,f0126h,126,18.096221923828125,-0.10344909876585007,0.1537650227546692
Epoch 8,W,f0126h,126,0.21457591652870178,0.07600283622741699,-0.004394874442368746
Epoch 8,Q,f0126h,126,1.2871055603027344,0.7500669956207275,0.04865217208862305
Epoch 8,T,f0132h,132,7.72197961807251,2.989130735397339,0.8467543125152588
Epoch 8,P,f0132h,132,198.16758728027344,197.11959838867188,0.04562411829829216
Epoch 8,U,f0132h,132,20.384479522705078,-14.578426361083984,0.6642123460769653
Epoch 8,V,f0132h,132,18.515338897705078,-0.2220056653022766,0.14663781225681305
Epoch 8,W,f0132h,132,0.22600676119327545,0.0764835849404335,-0.008845963515341282
Epoch 8,Q,f0132h,132,1.36050546169281,0.8099132776260376,0.046440500766038895
Epoch 8,T,f0138h,138,7.929640769958496,3.1389293670654297,0.8415709733963013
Epoch 8,P,f0138h,138,198.60983276367188,197.56695556640625,0.04895176738500595
Epoch 8,U,f0138h,138,20.8251895904541,-15.215872764587402,0.6695070266723633
Epoch 8,V,f0138h,138,19.04418182373047,-0.2927838861942291,0.1312520056962967
Epoch 8,W,f0138h,138,0.20647254586219788,0.07525648921728134,-0.007864910177886486
Epoch 8,Q,f0138h,138,1.4337445497512817,0.8714701533317566,0.04507807642221451
Epoch 8,T,f0144h,144,8.13213062286377,3.3012216091156006,0.8369719982147217
Epoch 8,P,f0144h,144,199.0389404296875,197.9828338623047,0.04517369717359543
Epoch 8,U,f0144h,144,21.294713973999023,-15.751568794250488,0.6673517823219299
Epoch 8,V,f0144h,144,19.404638290405273,-0.27371200919151306,0.1313362717628479
Epoch 8,W,f0144h,144,0.20144008100032806,0.07480171322822571,-0.012529169209301472
Epoch 8,Q,f0144h,144,1.5070855617523193,0.9325233101844788,0.04531692713499069
Epoch 8,T,f0150h,150,8.351192474365234,3.445845365524292,0.8311431407928467
Epoch 8,P,f0150h,150,199.4186553955078,198.35818481445312,0.042999450117349625
Epoch 8,U,f0150h,150,21.84418296813965,-16.40423011779785,0.6625441312789917
Epoch 8,V,f0150h,150,19.7830810546875,-0.2643836438655853,0.12179959565401077
Epoch 8,W,f0150h,150,0.2174736112356186,0.07633025199174881,-0.0031605190597474575
Epoch 8,Q,f0150h,150,1.579182744026184,0.9908156394958496,0.04445468261837959
Epoch 8,T,f0156h,156,8.576032638549805,3.5646533966064453,0.8244554400444031
Epoch 8,P,f0156h,156,199.7770233154297,198.69635009765625,0.039530158042907715
Epoch 8,U,f0156h,156,22.465696334838867,-17.04480743408203,0.6510205268859863
Epoch 8,V,f0156h,156,20.219993591308594,-0.34211865067481995,0.1124677062034607
Epoch 8,W,f0156h,156,0.22084909677505493,0.0740736871957779,-0.0037265862338244915
Epoch 8,Q,f0156h,156,1.6501953601837158,1.0437102317810059,0.037713538855314255
Epoch 8,T,f0162h,162,8.727338790893555,3.6906092166900635,0.8219316601753235
Epoch 8,P,f0162h,162,200.14869689941406,199.0657501220703,0.040087077766656876
Epoch 8,U,f0162h,162,23.125795364379883,-17.820938110351562,0.6468535661697388
Epoch 8,V,f0162h,162,20.475263595581055,-0.35296204686164856,0.11311542242765427
Epoch 8,W,f0162h,162,0.23140849173069,0.07429759949445724,0.00221656053327024
Epoch 8,Q,f0162h,162,1.7207778692245483,1.0985771417617798,0.03338634967803955
Epoch 8,T,f0168h,168,8.903470993041992,3.864227533340454,0.819301187992096
Epoch 8,P,f0168h,168,200.5440216064453,199.4468231201172,0.03993440791964531
Epoch 8,U,f0168h,168,23.554574966430664,-18.35565185546875,0.6445378661155701
Epoch 8,V,f0168h,168,20.756221771240234,-0.3375275433063507,0.10826506465673447
Epoch 8,W,f0168h,168,0.21089494228363037,0.07285559922456741,0.010367361828684807
Epoch 8,Q,f0168h,168,1.7908179759979248,1.155677318572998,0.0326412208378315
Epoch 8,T,f0174h,174,9.14409065246582,4.052576065063477,0.8134787082672119
Epoch 8,P,f0174h,174,200.8844451904297,199.78533935546875,0.04063418507575989
Epoch 8,U,f0174h,174,24.093650817871094,-18.98806381225586,0.6393812894821167
Epoch 8,V,f0174h,174,21.09656524658203,-0.2426692545413971,0.09997669607400894
Epoch 8,W,f0174h,174,0.2164350003004074,0.07186915725469589,0.014799338765442371
Epoch 8,Q,f0174h,174,1.8603308200836182,1.208038330078125,0.026073895394802094
Epoch 8,T,f0180h,180,9.401236534118652,4.242608070373535,0.8068793416023254
Epoch 8,P,f0180h,180,201.2204132080078,200.10272216796875,0.039615146815776825
Epoch 8,U,f0180h,180,24.579381942749023,-19.55686378479004,0.635796070098877
Epoch 8,V,f0180h,180,21.34324836730957,-0.1499461978673935,0.10746806859970093
Epoch 8,W,f0180h,180,0.21043631434440613,0.06939396262168884,0.01264286506921053
Epoch 8,Q,f0180h,180,1.9249560832977295,1.2551634311676025,0.02239856868982315
Epoch 8,T,f0186h,186,9.643556594848633,4.466632843017578,0.8020299077033997
Epoch 8,P,f0186h,186,201.58824157714844,200.46461486816406,0.04183733090758324
Epoch 8,U,f0186h,186,25.022790908813477,-20.194738388061523,0.6388764977455139
Epoch 8,V,f0186h,186,21.418298721313477,-0.2922946512699127,0.12293035537004471
Epoch 8,W,f0186h,186,0.21881170570850372,0.06865737587213516,0.009213177487254143
Epoch 8,Q,f0186h,186,1.9884390830993652,1.301711916923523,0.017603669315576553
Epoch 8,T,f0192h,192,9.908276557922363,4.709104061126709,0.7966325283050537
Epoch 8,P,f0192h,192,201.95428466796875,200.81121826171875,0.04078111797571182
Epoch 8,U,f0192h,192,25.454330444335938,-20.758638381958008,0.6388781070709229
Epoch 8,V,f0192h,192,21.801685333251953,-0.36557820439338684,0.11608324944972992
Epoch 8,W,f0192h,192,0.2160448133945465,0.06799325346946716,0.00626039132475853
Epoch 8,Q,f0192h,192,2.0503084659576416,1.348061442375183,0.014791266992688179
Epoch 8,T,f0198h,198,10.221321105957031,4.923037052154541,0.7874131202697754
Epoch 8,P,f0198h,198,202.2532958984375,201.102294921875,0.04091263189911842
Epoch 8,U,f0198h,198,26.103666305541992,-21.437702178955078,0.6315317153930664
Epoch 8,V,f0198h,198,22.31184959411621,-0.3143431842327118,0.09850174933671951
Epoch 8,W,f0198h,198,0.21099524199962616,0.06670273840427399,0.009126528166234493
Epoch 8,Q,f0198h,198,2.110755681991577,1.3946192264556885,0.014118705876171589
Epoch 8,T,f0204h,204,10.583850860595703,5.156946182250977,0.7758355140686035
Epoch 8,P,f0204h,204,202.55885314941406,201.38055419921875,0.039048898965120316
Epoch 8,U,f0204h,204,26.637733459472656,-21.927383422851562,0.620265007019043
Epoch 8,V,f0204h,204,22.721717834472656,-0.20597711205482483,0.08944437652826309
Epoch 8,W,f0204h,204,0.21371197700500488,0.062426600605249405,0.004990977700799704
Epoch 8,Q,f0204h,204,2.1704068183898926,1.4373362064361572,0.004217654932290316
Epoch 8,T,f0210h,210,10.931609153747559,5.4106316566467285,0.765663206577301
Epoch 8,P,f0210h,210,202.91664123535156,201.72830200195312,0.04075852409005165
Epoch 8,U,f0210h,210,27.222816467285156,-22.446107864379883,0.6073492765426636
Epoch 8,V,f0210h,210,23.120927810668945,-0.25694337487220764,0.07866445183753967
Epoch 8,W,f0210h,210,0.22310321033000946,0.0625225380063057,0.015064418315887451
Epoch 8,Q,f0210h,210,2.2278053760528564,1.4798288345336914,-0.0008216953719966114
Epoch 8,T,f0216h,216,11.291316032409668,5.69441556930542,0.7557881474494934
Epoch 8,P,f0216h,216,203.2904052734375,202.0766143798828,0.039662912487983704
Epoch 8,U,f0216h,216,27.87372398376465,-22.984725952148438,0.5926785469055176
Epoch 8,V,f0216h,216,23.615793228149414,-0.20797893404960632,0.06364605575799942
Epoch 8,W,f0216h,216,0.20663073658943176,0.05957404896616936,0.00200019683688879
Epoch 8,Q,f0216h,216,2.2801270484924316,1.5190805196762085,0.00024206223315559328
Epoch 8,T,f0222h,222,11.646827697753906,6.0037922859191895,0.747061550617218
Epoch 8,P,f0222h,222,203.6164093017578,202.38710021972656,0.037782516330480576
Epoch 8,U,f0222h,222,28.606653213500977,-23.643959045410156,0.5794460773468018
Epoch 8,V,f0222h,222,24.064542770385742,-0.08105513453483582,0.051126159727573395
Epoch 8,W,f0222h,222,0.20324817299842834,0.0584808811545372,-0.008314202539622784
Epoch 8,Q,f0222h,222,2.32769775390625,1.5532809495925903,0.00585542805492878
Epoch 8,T,f0228h,228,11.989888191223145,6.341956615447998,0.7406639456748962
Epoch 8,P,f0228h,228,203.95706176757812,202.69203186035156,0.033390674740076065
Epoch 8,U,f0228h,228,29.18218421936035,-24.231285095214844,0.5701678991317749
Epoch 8,V,f0228h,228,24.31698989868164,0.08574554324150085,0.05761424079537392
Epoch 8,W,f0228h,228,0.22194841504096985,0.057218726724386215,-0.0011122387368232012
Epoch 8,Q,f0228h,228,2.3721060752868652,1.5830130577087402,0.010057543404400349
Epoch 8,T,f0234h,234,12.359055519104004,6.712732791900635,0.7339751720428467
Epoch 8,P,f0234h,234,204.3465118408203,203.0637969970703,0.02995092049241066
Epoch 8,U,f0234h,234,29.69663429260254,-24.844799041748047,0.5673060417175293
Epoch 8,V,f0234h,234,24.409753799438477,0.14254693686962128,0.07836521416902542
Epoch 8,W,f0234h,234,0.24620012938976288,0.05610956624150276,0.0051170168444514275
Epoch 8,Q,f0234h,234,2.4148316383361816,1.6137181520462036,0.016058629378676414
Epoch 8,T,f0240h,240,12.76412582397461,7.106664180755615,0.7260840535163879
Epoch 8,P,f0240h,240,204.75790405273438,203.44203186035156,0.024572476744651794
Epoch 8,U,f0240h,240,30.095050811767578,-25.30608558654785,0.5664477348327637
Epoch 8,V,f0240h,240,24.47374153137207,0.2586974799633026,0.0990089476108551
Epoch 8,W,f0240h,240,0.21504412591457367,0.054400261491537094,0.004123193211853504
Epoch 8,Q,f0240h,240,2.455106735229492,1.6440908908843994,0.02614353597164154
Epoch 9,T,f0006h,6,1.5087300539016724,0.17817863821983337,0.9915992021560669
Epoch 9,P,f0006h,6,186.75180053710938,185.76513671875,-1.135786305894726e-06
Epoch 9,U,f0006h,6,5.560758113861084,-0.15614429116249084,0.9507188200950623
Epoch 9,V,f0006h,6,6.500393867492676,0.026784611865878105,0.8533564209938049
Epoch 9,W,f0006h,6,0.2085498720407486,-0.01378922164440155,0.2108355313539505
Epoch 9,Q,f0006h,6,0.21794772148132324,0.00863251369446516,0.85118168592453
Epoch 9,T,f0012h,12,2.3285536766052246,-0.3055071234703064,0.9805597066879272
Epoch 9,P,f0012h,12,187.1271514892578,186.1252899169922,-0.023619918152689934
Epoch 9,U,f0012h,12,8.438796043395996,-0.20103397965431213,0.8828386664390564
Epoch 9,V,f0012h,12,9.612030029296875,-0.434158593416214,0.6659852862358093
Epoch 9,W,f0012h,12,0.1960543692111969,0.006664126645773649,0.13690249621868134
Epoch 9,Q,f0012h,12,0.3178199231624603,0.04641663283109665,0.6943938136100769
Epoch 9,T,f0018h,18,2.969663381576538,-0.3388672471046448,0.9686983823776245
Epoch 9,P,f0018h,18,187.60682678222656,186.5957794189453,-0.03746786713600159
Epoch 9,U,f0018h,18,9.916489601135254,-0.4497261345386505,0.8334095478057861
Epoch 9,V,f0018h,18,11.143657684326172,-0.20825089514255524,0.5261564254760742
Epoch 9,W,f0018h,18,0.19707582890987396,0.007001223508268595,0.07644592970609665
Epoch 9,Q,f0018h,18,0.4023688733577728,0.09520845115184784,0.5458936095237732
Epoch 9,T,f0024h,24,3.4999923706054688,-0.5321056842803955,0.9573070406913757
Epoch 9,P,f0024h,24,188.04913330078125,187.00897216796875,-0.0488126166164875
Epoch 9,U,f0024h,24,11.139932632446289,-0.6643983721733093,0.7880377769470215
Epoch 9,V,f0024h,24,11.935761451721191,-0.10704182088375092,0.43607622385025024
Epoch 9,W,f0024h,24,0.1918589323759079,0.011802573688328266,0.06558769941329956
Epoch 9,Q,f0024h,24,0.47090786695480347,0.1590953916311264,0.4580414891242981
Epoch 9,T,f0030h,30,3.9676246643066406,-0.7375739216804504,0.9460232257843018
Epoch 9,P,f0030h,30,188.3566436767578,187.30198669433594,-0.05355658382177353
Epoch 9,U,f0030h,30,11.932246208190918,-0.9239006042480469,0.754936695098877
Epoch 9,V,f0030h,30,12.636362075805664,0.01491260901093483,0.3552907705307007
Epoch 9,W,f0030h,30,0.20656253397464752,0.015243946574628353,0.04016479104757309
Epoch 9,Q,f0030h,30,0.5464626550674438,0.2371186763048172,0.3858861029148102
Epoch 9,T,f0036h,36,4.372435092926025,-0.9568376541137695,0.93549644947052
Epoch 9,P,f0036h,36,188.66009521484375,187.5712432861328,-0.058463070541620255
Epoch 9,U,f0036h,36,12.484702110290527,-1.0678523778915405,0.7293780446052551
Epoch 9,V,f0036h,36,13.132397651672363,-0.029551615938544273,0.29872506856918335
Epoch 9,W,f0036h,36,0.21825648844242096,0.02197270281612873,0.036135636270046234
Epoch 9,Q,f0036h,36,0.6330357193946838,0.3276751935482025,0.3246424198150635
Epoch 9,T,f0042h,42,4.756680011749268,-1.1766552925109863,0.9250364303588867
Epoch 9,P,f0042h,42,188.93226623535156,187.8295135498047,-0.05900847166776657
Epoch 9,U,f0042h,42,12.638131141662598,-1.1944798231124878,0.7203793525695801
Epoch 9,V,f0042h,42,13.631876945495605,-0.14753209054470062,0.2559618353843689
Epoch 9,W,f0042h,42,0.1975906789302826,0.025703774765133858,0.04350185766816139
Epoch 9,Q,f0042h,42,0.7334531545639038,0.43598783016204834,0.2719685435295105
Epoch 9,T,f0048h,48,5.098278999328613,-1.3877990245819092,0.9154279828071594
Epoch 9,P,f0048h,48,189.17640686035156,188.0435333251953,-0.062185946851968765
Epoch 9,U,f0048h,48,12.828211784362793,-1.1842342615127563,0.7114772200584412
Epoch 9,V,f0048h,48,13.772645950317383,-0.28951892256736755,0.23936448991298676
Epoch 9,W,f0048h,48,0.19747526943683624,0.031268421560525894,0.02801942266523838
Epoch 9,Q,f0048h,48,0.8465708494186401,0.5567222833633423,0.2318345308303833
Epoch 9,T,f0054h,54,5.40465784072876,-1.6182347536087036,0.9068026542663574
Epoch 9,P,f0054h,54,189.32847595214844,188.18492126464844,-0.061259299516677856
Epoch 9,U,f0054h,54,13.103551864624023,-1.2945102453231812,0.7018697261810303
Epoch 9,V,f0054h,54,13.82200813293457,-0.5250108242034912,0.24010416865348816
Epoch 9,W,f0054h,54,0.19831715524196625,0.035764724016189575,0.01568119041621685
Epoch 9,Q,f0054h,54,0.9686277508735657,0.6829434037208557,0.1986372321844101
Epoch 9,T,f0060h,60,5.725855827331543,-1.8434247970581055,0.8972650766372681
Epoch 9,P,f0060h,60,189.47506713867188,188.30645751953125,-0.06270083785057068
Epoch 9,U,f0060h,60,13.462209701538086,-1.356030821800232,0.6861279606819153
Epoch 9,V,f0060h,60,13.796131134033203,-0.7525848746299744,0.25282904505729675
Epoch 9,W,f0060h,60,0.19819524884223938,0.03854138031601906,-0.000611639698036015
Epoch 9,Q,f0060h,60,1.0992196798324585,0.8129124641418457,0.16920535266399384
Epoch 9,T,f0066h,66,6.0383524894714355,-2.0390625,0.8873637318611145
Epoch 9,P,f0066h,66,189.63449096679688,188.4636688232422,-0.060062091797590256
Epoch 9,U,f0066h,66,13.701068878173828,-1.4749938249588013,0.6750069260597229
Epoch 9,V,f0066h,66,13.886878967285156,-0.9950732588768005,0.26218095421791077
Epoch 9,W,f0066h,66,0.1988009810447693,0.04025859013199806,-0.003980788867920637
Epoch 9,Q,f0066h,66,1.234834909439087,0.9509207010269165,0.15323404967784882
Epoch 9,T,f0072h,72,6.294948101043701,-2.214388370513916,0.8794280886650085
Epoch 9,P,f0072h,72,189.77267456054688,188.58511352539062,-0.06062870845198631
Epoch 9,U,f0072h,72,13.993191719055176,-1.459115743637085,0.6643420457839966
Epoch 9,V,f0072h,72,13.935769081115723,-1.2708975076675415,0.2580024302005768
Epoch 9,W,f0072h,72,0.19909563660621643,0.04260551556944847,-0.008714700117707253
Epoch 9,Q,f0072h,72,1.3782826662063599,1.0940965414047241,0.1329043209552765
Epoch 9,T,f0078h,78,6.537445068359375,-2.4242992401123047,0.872380256652832
Epoch 9,P,f0078h,78,189.8395538330078,188.65541076660156,-0.058146882802248
Epoch 9,U,f0078h,78,14.155722618103027,-1.6269667148590088,0.6632243394851685
Epoch 9,V,f0078h,78,13.912814140319824,-1.5643326044082642,0.25613322854042053
Epoch 9,W,f0078h,78,0.20230619609355927,0.04333940148353577,-0.007886973209679127
Epoch 9,Q,f0078h,78,1.5243808031082153,1.237156629562378,0.11453105509281158
Epoch 9,T,f0084h,84,6.784471035003662,-2.60801100730896,0.8648049235343933
Epoch 9,P,f0084h,84,189.91921997070312,188.71839904785156,-0.0584377646446228
Epoch 9,U,f0084h,84,14.259678840637207,-1.6579076051712036,0.6575817465782166
Epoch 9,V,f0084h,84,13.86206340789795,-1.7312272787094116,0.261549174785614
Epoch 9,W,f0084h,84,0.23580190539360046,0.0442647747695446,-0.011534064076840878
Epoch 9,Q,f0084h,84,1.6722100973129272,1.3796170949935913,0.09442242980003357
Epoch 9,T,f0090h,90,7.000457286834717,-2.7512502670288086,0.8578179478645325
Epoch 9,P,f0090h,90,190.03396606445312,188.8374786376953,-0.05368749797344208
Epoch 9,U,f0090h,90,14.211370468139648,-1.8040775060653687,0.6578280329704285
Epoch 9,V,f0090h,90,13.971423149108887,-2.076866626739502,0.2583905756473541
Epoch 9,W,f0090h,90,0.2093784660100937,0.044125478714704514,-0.012092160061001778
Epoch 9,Q,f0090h,90,1.8236902952194214,1.5281805992126465,0.07968642562627792
Epoch 9,T,f0096h,96,7.200814247131348,-2.87760066986084,0.8513208031654358
Epoch 9,P,f0096h,96,190.13941955566406,188.9354248046875,-0.051604848355054855
Epoch 9,U,f0096h,96,14.33542251586914,-1.9946768283843994,0.6532223224639893
Epoch 9,V,f0096h,96,14.265830993652344,-2.369037628173828,0.24076800048351288
Epoch 9,W,f0096h,96,0.18984167277812958,0.042344894260168076,-0.003662726143375039
Epoch 9,Q,f0096h,96,1.9756217002868652,1.6749447584152222,0.060904841870069504
Epoch 9,T,f0102h,102,7.435109615325928,-3.0107743740081787,0.8430237174034119
Epoch 9,P,f0102h,102,190.1737060546875,188.97897338867188,-0.04567398503422737
Epoch 9,U,f0102h,102,14.444562911987305,-2.142910957336426,0.6474690437316895
Epoch 9,V,f0102h,102,14.647756576538086,-2.6152029037475586,0.2091570794582367
Epoch 9,W,f0102h,102,0.20624996721744537,0.04184950515627861,-0.013582814484834671
Epoch 9,Q,f0102h,102,2.1224846839904785,1.8140498399734497,0.04394648224115372
Epoch 9,T,f0108h,108,7.661189079284668,-3.1326828002929688,0.8350198268890381
Epoch 9,P,f0108h,108,190.2068328857422,189.00282287597656,-0.0419427827000618
Epoch 9,U,f0108h,108,14.486413955688477,-2.160654306411743,0.6449812650680542
Epoch 9,V,f0108h,108,14.981987953186035,-2.964218854904175,0.1887647807598114
Epoch 9,W,f0108h,108,0.20085127651691437,0.03988112509250641,-0.0035081387031823397
Epoch 9,Q,f0108h,108,2.269012689590454,1.9515420198440552,0.024176592007279396
Epoch 9,T,f0114h,114,7.815150260925293,-3.2327804565429688,0.8302715420722961
Epoch 9,P,f0114h,114,190.2678680419922,189.07386779785156,-0.03241891786456108
Epoch 9,U,f0114h,114,14.36168384552002,-2.2783422470092773,0.649736225605011
Epoch 9,V,f0114h,114,15.380667686462402,-3.3811466693878174,0.17597627639770508
Epoch 9,W,f0114h,114,0.2133082002401352,0.03929656744003296,0.003550129011273384
Epoch 9,Q,f0114h,114,2.4173736572265625,2.0910279750823975,0.0007794153643772006
Epoch 9,T,f0120h,120,7.976419925689697,-3.328028440475464,0.8252370953559875
Epoch 9,P,f0120h,120,190.3228302001953,189.1250457763672,-0.027207883074879646
Epoch 9,U,f0120h,120,14.281991958618164,-2.327902317047119,0.6530676484107971
Epoch 9,V,f0120h,120,15.670211791992188,-3.7241692543029785,0.1674817055463791
Epoch 9,W,f0120h,120,0.19589951634407043,0.036188386380672455,-0.005561227444559336
Epoch 9,Q,f0120h,120,2.5609188079833984,2.229084014892578,-0.002607824048027396
Epoch 9,T,f0126h,126,8.152016639709473,-3.4387924671173096,0.8195390105247498
Epoch 9,P,f0126h,126,190.32144165039062,189.1337127685547,-0.020348703488707542
Epoch 9,U,f0126h,126,14.231196403503418,-2.4931113719940186,0.6571375131607056
Epoch 9,V,f0126h,126,16.034381866455078,-4.053348541259766,0.15749256312847137
Epoch 9,W,f0126h,126,0.2035369724035263,0.033683132380247116,-0.011738283559679985
Epoch 9,Q,f0126h,126,2.70149827003479,2.3638288974761963,-0.004204634111374617
Epoch 9,T,f0132h,132,8.33630084991455,-3.5483851432800293,0.8134687542915344
Epoch 9,P,f0132h,132,190.330078125,189.133544921875,-0.01903868280351162
Epoch 9,U,f0132h,132,14.267070770263672,-2.5420632362365723,0.6563030481338501
Epoch 9,V,f0132h,132,16.408483505249023,-4.433298110961914,0.1556493639945984
Epoch 9,W,f0132h,132,0.2150091677904129,0.031345244497060776,-0.016312794759869576
Epoch 9,Q,f0132h,132,2.838742971420288,2.494101047515869,-0.00917065143585205
Epoch 9,T,f0138h,138,8.522115707397461,-3.6297686100006104,0.8065995573997498
Epoch 9,P,f0138h,138,190.36000061035156,189.1728515625,-0.015261112712323666
Epoch 9,U,f0138h,138,14.292251586914062,-2.694136142730713,0.6608707308769226
Epoch 9,V,f0138h,138,16.89748191833496,-4.76516056060791,0.14325962960720062
Epoch 9,W,f0138h,138,0.19418101012706757,0.02727912925183773,-0.010627414099872112
Epoch 9,Q,f0138h,138,2.9754467010498047,2.6236302852630615,-0.018219636753201485
Epoch 9,T,f0144h,144,8.711103439331055,-3.6894278526306152,0.799281895160675
Epoch 9,P,f0144h,144,190.3842315673828,189.18447875976562,-0.021255427971482277
Epoch 9,U,f0144h,144,14.42548942565918,-2.7522084712982178,0.6578742861747742
Epoch 9,V,f0144h,144,17.22942352294922,-5.009064674377441,0.1453782021999359
Epoch 9,W,f0144h,144,0.1880558878183365,0.02425290457904339,0.0019304767483845353
Epoch 9,Q,f0144h,144,3.1099722385406494,2.7506020069122314,-0.028739234432578087
Epoch 9,T,f0150h,150,8.953486442565918,-3.756737470626831,0.7887935042381287
Epoch 9,P,f0150h,150,190.3590087890625,189.1566925048828,-0.026214640587568283
Epoch 9,U,f0150h,150,14.53101634979248,-2.9337382316589355,0.6531694531440735
Epoch 9,V,f0150h,150,17.541152954101562,-5.265843868255615,0.13954800367355347
Epoch 9,W,f0150h,150,0.20487773418426514,0.023068098351359367,-0.0011460495879873633
Epoch 9,Q,f0150h,150,3.239264726638794,2.8726513385772705,-0.03631339594721794
Epoch 9,T,f0156h,156,9.22041130065918,-3.8406240940093994,0.777475118637085
Epoch 9,P,f0156h,156,190.3206024169922,189.0992431640625,-0.032706085592508316
Epoch 9,U,f0156h,156,14.719657897949219,-3.1097283363342285,0.642572283744812
Epoch 9,V,f0156h,156,17.988239288330078,-5.605486869812012,0.12991254031658173
Epoch 9,W,f0156h,156,0.20867913961410522,0.018428770825266838,0.0008421957027167082
Epoch 9,Q,f0156h,156,3.3603415489196777,2.9861955642700195,-0.04024124518036842
Epoch 9,T,f0162h,162,9.414114952087402,-3.907447099685669,0.7700374722480774
Epoch 9,P,f0162h,162,190.29615783691406,189.078369140625,-0.032568078488111496
Epoch 9,U,f0162h,162,14.880922317504883,-3.4275169372558594,0.6381769776344299
Epoch 9,V,f0162h,162,18.27012062072754,-5.877221584320068,0.12687800824642181
Epoch 9,W,f0162h,162,0.21929679811000824,0.016091885045170784,0.019043516367673874
Epoch 9,Q,f0162h,162,3.479417085647583,3.098844051361084,-0.041290532797575
Epoch 9,T,f0168h,168,9.576728820800781,-3.9181389808654785,0.7634100914001465
Epoch 9,P,f0168h,168,190.30006408691406,189.07269287109375,-0.034124668687582016
Epoch 9,U,f0168h,168,14.916609764099121,-3.509296417236328,0.6352137923240662
Epoch 9,V,f0168h,168,18.53374481201172,-6.124457836151123,0.12111803144216537
Epoch 9,W,f0168h,168,0.1979828178882599,0.012505464255809784,0.021553754806518555
Epoch 9,Q,f0168h,168,3.5976951122283936,3.211963176727295,-0.041499994695186615
Epoch 9,T,f0174h,174,9.795757293701172,-3.906327486038208,0.752668559551239
Epoch 9,P,f0174h,174,190.24862670898438,189.02781677246094,-0.0325654000043869
Epoch 9,U,f0174h,174,14.987492561340332,-3.6939685344696045,0.6310549974441528
Epoch 9,V,f0174h,174,18.801483154296875,-6.298225402832031,0.11493052542209625
Epoch 9,W,f0174h,174,0.20461463928222656,0.009262723848223686,0.01235288754105568
Epoch 9,Q,f0174h,174,3.7104053497314453,3.318037986755371,-0.04550321772694588
Epoch 9,T,f0180h,180,10.046675682067871,-3.8847036361694336,0.7400420308113098
Epoch 9,P,f0180h,180,190.1996612548828,188.96595764160156,-0.03532763198018074
Epoch 9,U,f0180h,180,15.055520057678223,-3.8214595317840576,0.627659022808075
Epoch 9,V,f0180h,180,19.01998519897461,-6.472813129425049,0.12381111830472946
Epoch 9,W,f0180h,180,0.1990051418542862,0.004906975198537111,0.008206874132156372
Epoch 9,Q,f0180h,180,3.815812349319458,3.416057586669922,-0.04997517541050911
Epoch 9,T,f0186h,186,10.252729415893555,-3.8213436603546143,0.7293276786804199
Epoch 9,P,f0186h,186,190.18930053710938,188.95819091796875,-0.033831167966127396
Epoch 9,U,f0186h,186,15.008630752563477,-4.024081230163574,0.6295469999313354
Epoch 9,V,f0186h,186,19.16848373413086,-6.884732246398926,0.1380821317434311
Epoch 9,W,f0186h,186,0.20801466703414917,0.0021655431482940912,0.010028110817074776
Epoch 9,Q,f0186h,186,3.91841459274292,3.5116961002349854,-0.05674399808049202
Epoch 9,T,f0192h,192,10.466402053833008,-3.7352945804595947,0.7181253433227539
Epoch 9,P,f0192h,192,190.1792755126953,188.9365692138672,-0.036100342869758606
Epoch 9,U,f0192h,192,15.003083229064941,-4.15740966796875,0.6286599636077881
Epoch 9,V,f0192h,192,19.53217124938965,-7.225363731384277,0.13422973453998566
Epoch 9,W,f0192h,192,0.20485195517539978,-0.00015419644478242844,0.018648097291588783
Epoch 9,Q,f0192h,192,4.017622947692871,3.6051206588745117,-0.05926359072327614
Epoch 9,T,f0198h,198,10.749056816101074,-3.6724045276641846,0.7029067277908325
Epoch 9,P,f0198h,198,190.1051483154297,188.8662872314453,-0.03480697050690651
Epoch 9,U,f0198h,198,15.230440139770508,-4.409860134124756,0.6204624772071838
Epoch 9,V,f0198h,198,19.992462158203125,-7.449117660522461,0.11638796329498291
Epoch 9,W,f0198h,198,0.2001579850912094,-0.0031058911699801683,0.0203874334692955
Epoch 9,Q,f0198h,198,4.113084316253662,3.696876049041748,-0.05240023881196976
Epoch 9,T,f0204h,204,11.063699722290039,-3.5862278938293457,0.6855663657188416
Epoch 9,P,f0204h,204,190.03953552246094,188.78501892089844,-0.034995220601558685
Epoch 9,U,f0204h,204,15.441381454467773,-4.478750705718994,0.6096280217170715
Epoch 9,V,f0204h,204,20.3430118560791,-7.617793560028076,0.10703486204147339
Epoch 9,W,f0204h,204,0.20433345437049866,-0.008672636933624744,0.020447544753551483
Epoch 9,Q,f0204h,204,4.20464563369751,3.783477306365967,-0.05188224837183952
Epoch 9,T,f0210h,210,11.362161636352539,-3.476370334625244,0.6685785055160522
Epoch 9,P,f0210h,210,190.02830505371094,188.78001403808594,-0.02886534295976162
Epoch 9,U,f0210h,210,15.700389862060547,-4.581171989440918,0.5976420044898987
Epoch 9,V,f0210h,210,20.72866439819336,-7.950381755828857,0.0961257666349411
Epoch 9,W,f0210h,210,0.2148454785346985,-0.00995610374957323,0.014777091331779957
Epoch 9,Q,f0210h,210,4.294460773468018,3.8686671257019043,-0.0528084821999073
Epoch 9,T,f0216h,216,11.633596420288086,-3.3361687660217285,0.6534073948860168
Epoch 9,P,f0216h,216,190.03663635253906,188.77784729003906,-0.026817476376891136
Epoch 9,U,f0216h,216,16.06620979309082,-4.708906173706055,0.5834840536117554
Epoch 9,V,f0216h,216,21.134050369262695,-8.18629264831543,0.08454710990190506
Epoch 9,W,f0216h,216,0.1992938369512558,-0.014015186578035355,-0.009498883038759232
Epoch 9,Q,f0216h,216,4.379385948181152,3.9486842155456543,-0.05330810695886612
Epoch 9,T,f0222h,222,11.885321617126465,-3.1676077842712402,0.6393495202064514
Epoch 9,P,f0222h,222,189.99790954589844,188.74359130859375,-0.022593237459659576
Epoch 9,U,f0222h,222,16.445344924926758,-4.961981773376465,0.5705723166465759
Epoch 9,V,f0222h,222,21.511903762817383,-8.350385665893555,0.07002610713243484
Epoch 9,W,f0222h,222,0.19549299776554108,-0.01623503863811493,0.004400391131639481
Epoch 9,Q,f0222h,222,4.457735538482666,4.02291202545166,-0.04521692171692848
Epoch 9,T,f0228h,228,12.1321439743042,-2.972618579864502,0.6265307664871216
Epoch 9,P,f0228h,228,189.97958374023438,188.706787109375,-0.0235649012029171
Epoch 9,U,f0228h,228,16.601455688476562,-5.147873878479004,0.5633004903793335
Epoch 9,V,f0228h,228,21.73696517944336,-8.477912902832031,0.07117211818695068
Epoch 9,W,f0228h,228,0.2158113569021225,-0.018363486975431442,-0.0009439850109629333
Epoch 9,Q,f0228h,228,4.531832218170166,4.092042922973633,-0.04109637066721916
Epoch 9,T,f0234h,234,12.38851261138916,-2.7466323375701904,0.6131961941719055
Epoch 9,P,f0234h,234,190.00677490234375,188.7398681640625,-0.019869165495038033
Epoch 9,U,f0234h,234,16.677318572998047,-5.3634867668151855,0.5593687295913696
Epoch 9,V,f0234h,234,21.90020751953125,-8.724251747131348,0.08263763040304184
Epoch 9,W,f0234h,234,0.24124309420585632,-0.020248334854841232,0.003840614575892687
Epoch 9,Q,f0234h,234,4.605677127838135,4.161788463592529,-0.03770187497138977
Epoch 9,T,f0240h,240,12.669873237609863,-2.4995131492614746,0.5989083051681519
Epoch 9,P,f0240h,240,190.0637664794922,188.782958984375,-0.022501207888126373
Epoch 9,U,f0240h,240,16.707408905029297,-5.4334492683410645,0.5590401291847229
Epoch 9,V,f0240h,240,22.04417610168457,-8.914962768554688,0.09033884853124619
Epoch 9,W,f0240h,240,0.21036477386951447,-0.022614922374486923,-0.004660067148506641
Epoch 9,Q,f0240h,240,4.678597450256348,4.230579853057861,-0.03591074049472809
